"old_url","decoded_path","source","http_status","final_url","canonical_url","title","content_type","error","redirect_target","redirect_status","mapping_status"
"https://sornaz.com/","/","sitemap:page","200","https://sornaz.com/","https://sornaz.com/","صفحه اول آموزشگاه موسیقی - سُرناز","text/html; charset=UTF-8","","","301","pending"
"https://sornaz.com/%d8%a2%d9%82%d8%a7-%d8%ad%d8%b3%db%8c%d9%86%d9%82%d9%84%db%8c/","/آقا-حسینقلی/","sitemap:post","200","https://sornaz.com/%d8%a2%d9%82%d8%a7-%d8%ad%d8%b3%db%8c%d9%86%d9%82%d9%84%db%8c/","https://sornaz.com/%d8%a2%d9%82%d8%a7-%d8%ad%d8%b3%db%8c%d9%86%d9%82%d9%84%db%8c/","آقا حسینقلی، برجسته ترین تارزن دوران قاجار و یکی از راویان معتبر ردیف موسیقی ایران - سُرناز","text/html; charset=UTF-8","","","301","pending"
"https://sornaz.com/%d8%a2%d9%82%d8%a7-%d8%b9%d9%84%db%8c-%d8%a7%da%a9%d8%a8%d8%b1-%d9%81%d8%b1%d8%a7%d9%87%d8%a7%d9%86%db%8c/","/آقا-علی-اکبر-فراهانی/","sitemap:post","200","https://sornaz.com/%d8%a2%d9%82%d8%a7-%d8%b9%d9%84%db%8c-%d8%a7%da%a9%d8%a8%d8%b1-%d9%81%d8%b1%d8%a7%d9%87%d8%a7%d9%86%db%8c/","https://sornaz.com/%d8%a2%d9%82%d8%a7-%d8%b9%d9%84%db%8c-%d8%a7%da%a9%d8%a8%d8%b1-%d9%81%d8%b1%d8%a7%d9%87%d8%a7%d9%86%db%8c/","آقا علی اکبر فراهانی، نوازنده تار دوره ناصرالدین شاه و قدیمی ترین ردیف دان شناخته شده - سُرناز","text/html; charset=UTF-8","","","301","pending"
"https://sornaz.com/%d8%a2%d9%82%d8%a7-%d8%ba%d9%84%d8%a7%d9%85-%d8%ad%d8%b3%db%8c%d9%86/","/آقا-غلام-حسین/","sitemap:post","200","https://sornaz.com/%d8%a2%d9%82%d8%a7-%d8%ba%d9%84%d8%a7%d9%85-%d8%ad%d8%b3%db%8c%d9%86/","https://sornaz.com/%d8%a2%d9%82%d8%a7-%d8%ba%d9%84%d8%a7%d9%85-%d8%ad%d8%b3%db%8c%d9%86/","آقا غلام حسین، شاگرد و برادرزاده آقا علی اکبرخان - سُرناز","text/html; charset=UTF-8","","","301","pending"
"https://sornaz.com/%d8%a2%d9%84%d9%81%d8%b1%d8%af-%da%98%d8%a7%d9%86-%d8%a8%d8%a7%d9%be%d8%aa%db%8c%d8%b3%d8%aa-%d9%84%d9%88%d9%85%d8%b1/","/آلفرد-ژان-باپتیست-لومر/","sitemap:post","200","https://sornaz.com/%d8%a2%d9%84%d9%81%d8%b1%d8%af-%da%98%d8%a7%d9%86-%d8%a8%d8%a7%d9%be%d8%aa%db%8c%d8%b3%d8%aa-%d9%84%d9%88%d9%85%d8%b1/","https://sornaz.com/%d8%a2%d9%84%d9%81%d8%b1%d8%af-%da%98%d8%a7%d9%86-%d8%a8%d8%a7%d9%be%d8%aa%db%8c%d8%b3%d8%aa-%d9%84%d9%88%d9%85%d8%b1/","آلفرد ژان باپتیست لومر ملقب به مسيو لومر - سُرناز","text/html; charset=UTF-8","","","301","pending"
"https://sornaz.com/%d8%a2%d9%88%d8%a7%d8%b2-%d8%a7%d8%a8%d9%88%d8%b9%d8%b7%d8%a7/","/آواز-ابوعطا/","sitemap:post","200","https://sornaz.com/%d8%a2%d9%88%d8%a7%d8%b2-%d8%a7%d8%a8%d9%88%d8%b9%d8%b7%d8%a7/","https://sornaz.com/%d8%a2%d9%88%d8%a7%d8%b2-%d8%a7%d8%a8%d9%88%d8%b9%d8%b7%d8%a7/","آواز ابوعطا یا دستان العرب | شبیه ترین آواز به دستگاه شور از بین 4 آواز فرعی شور - سُرناز","text/html; charset=UTF-8","","","301","pending"
"https://sornaz.com/%d8%a2%d9%88%d8%a7%d8%b2-%d8%a7%d9%81%d8%b4%d8%a7%d8%b1%db%8c/","/آواز-افشاری/","sitemap:post","200","https://sornaz.com/%d8%a2%d9%88%d8%a7%d8%b2-%d8%a7%d9%81%d8%b4%d8%a7%d8%b1%db%8c/","https://sornaz.com/%d8%a2%d9%88%d8%a7%d8%b2-%d8%a7%d9%81%d8%b4%d8%a7%d8%b1%db%8c/","آواز افشاری یکی از متعلقات دستگاه شور در ردیف موسیقی ایرانی | شباهت های آواز افشاری به 2 دستگاه سه گاه و شور - سُرناز","text/html; charset=UTF-8","","","301","pending"
"https://sornaz.com/%d8%a2%d9%88%d8%a7%d8%b2-%d8%a8%db%8c%d8%a7%d8%aa-%d8%a7%d8%b5%d9%81%d9%87%d8%a7%d9%86/","/آواز-بیات-اصفهان/","sitemap:post","200","https://sornaz.com/%d8%a2%d9%88%d8%a7%d8%b2-%d8%a8%db%8c%d8%a7%d8%aa-%d8%a7%d8%b5%d9%81%d9%87%d8%a7%d9%86/","https://sornaz.com/%d8%a2%d9%88%d8%a7%d8%b2-%d8%a8%db%8c%d8%a7%d8%aa-%d8%a7%d8%b5%d9%81%d9%87%d8%a7%d9%86/","آواز بیات اصفهان در ردیف موسیقی ایرانی | رابطه آواز اصفهان با 2 دستگاه همایون و شور | شباهت آن با گام مینور هارمونیک - سُرناز","text/html; charset=UTF-8","","","301","pending"
"https://sornaz.com/%d8%a2%d9%88%d8%a7%d8%b2-%d8%a8%db%8c%d8%a7%d8%aa-%d8%aa%d8%b1%da%a9/","/آواز-بیات-ترک/","sitemap:post","200","https://sornaz.com/%d8%a2%d9%88%d8%a7%d8%b2-%d8%a8%db%8c%d8%a7%d8%aa-%d8%aa%d8%b1%da%a9/","https://sornaz.com/%d8%a2%d9%88%d8%a7%d8%b2-%d8%a8%db%8c%d8%a7%d8%aa-%d8%aa%d8%b1%da%a9/","آواز بیات ترک یا بیات زند | یکی از 4 آواز متعلق به دستگاه شور - سُرناز","text/html; charset=UTF-8","","","301","pending"
"https://sornaz.com/%d8%a2%d9%88%d8%a7%d8%b2-%d8%af%d8%b4%d8%aa%db%8c/","/آواز-دشتی/","sitemap:post","200","https://sornaz.com/%d8%a2%d9%88%d8%a7%d8%b2-%d8%af%d8%b4%d8%aa%db%8c/","https://sornaz.com/%d8%a2%d9%88%d8%a7%d8%b2-%d8%af%d8%b4%d8%aa%db%8c/","آواز دشتی | رایج ترین آواز در بین 4 آواز وابسته به دستگاه شور در ردیف موسیقی ایرانی - سُرناز","text/html; charset=UTF-8","","","301","pending"
"https://sornaz.com/%d8%a2%da%a9%d9%88%d8%b1%d8%af-%da%86%db%8c%d8%b3%d8%aa%d8%9f/","/آکورد-چیست؟/","discovered-link","200","https://sornaz.com/%d8%a2%da%a9%d9%88%d8%b1%d8%af/","https://sornaz.com/%d8%a2%da%a9%d9%88%d8%b1%d8%af/","آکورد چیست؟ آکوردهای 3 صدایی و 4 صدایی چگونه به وجود آمدند؟ - سُرناز","text/html; charset=UTF-8","","","301","pending"
"https://sornaz.com/%d8%a2%da%a9%d9%88%d8%b1%d8%af/","/آکورد/","sitemap:post","200","https://sornaz.com/%d8%a2%da%a9%d9%88%d8%b1%d8%af/","https://sornaz.com/%d8%a2%da%a9%d9%88%d8%b1%d8%af/","آکورد چیست؟ آکوردهای 3 صدایی و 4 صدایی چگونه به وجود آمدند؟ - سُرناز","text/html; charset=UTF-8","","","301","pending"
"https://sornaz.com/%d8%a7%d8%a8%d9%88%d8%a7%d9%84%d8%ad%d8%b3%d9%86-%d8%b5%d8%a8%d8%a7/","/ابوالحسن-صبا/","sitemap:post","200","https://sornaz.com/%d8%a7%d8%a8%d9%88%d8%a7%d9%84%d8%ad%d8%b3%d9%86-%d8%b5%d8%a8%d8%a7/","https://sornaz.com/%d8%a7%d8%a8%d9%88%d8%a7%d9%84%d8%ad%d8%b3%d9%86-%d8%b5%d8%a8%d8%a7/","زندگینامه ابوالحسن صبا، موسیقی دان، آهنگساز برجسته ایرانی | نوازنده ای که همه ساز ها را می نواخت - سُرناز","text/html; charset=UTF-8","","","301","pending"
"https://sornaz.com/%d8%a7%d8%ad%d9%85%d8%af-%d8%b9%d8%a8%d8%a7%d8%af%db%8c/","/احمد-عبادی/","sitemap:post","200","https://sornaz.com/%d8%a7%d8%ad%d9%85%d8%af-%d8%b9%d8%a8%d8%a7%d8%af%db%8c/","https://sornaz.com/%d8%a7%d8%ad%d9%85%d8%af-%d8%b9%d8%a8%d8%a7%d8%af%db%8c/","احمد عبادی، نوازنده برجسته سه تار و فرزند میرزاعبدالله - سُرناز","text/html; charset=UTF-8","","","301","pending"
"https://sornaz.com/%d8%a8%d8%a7%d9%81%d8%aa-%d9%85%d9%88%d8%b3%db%8c%d9%82%db%8c/","/بافت-موسیقی/","sitemap:post","200","https://sornaz.com/%d8%a8%d8%a7%d9%81%d8%aa-%d9%85%d9%88%d8%b3%db%8c%d9%82%db%8c/","https://sornaz.com/%d8%a8%d8%a7%d9%81%d8%aa-%d9%85%d9%88%d8%b3%db%8c%d9%82%db%8c/","بافت موسیقی به چه معناست؟ - سُرناز","text/html; charset=UTF-8","","","301","pending"
"https://sornaz.com/%d8%aa%d8%a6%d9%88%d8%b1%db%8c-%d9%85%d9%88%d8%b3%db%8c%d9%82%db%8c-%d8%a7%db%8c%d8%b1%d8%a7%d9%86%db%8c/","/تئوری-موسیقی-ایرانی/","sitemap:post","200","https://sornaz.com/%d8%aa%d8%a6%d9%88%d8%b1%db%8c-%d9%85%d9%88%d8%b3%db%8c%d9%82%db%8c-%d8%a7%db%8c%d8%b1%d8%a7%d9%86%db%8c/","https://sornaz.com/%d8%aa%d8%a6%d9%88%d8%b1%db%8c-%d9%85%d9%88%d8%b3%db%8c%d9%82%db%8c-%d8%a7%db%8c%d8%b1%d8%a7%d9%86%db%8c/","تئوری موسیقی ایرانی، بررسی تئوری دانگ ها و 4 دانگ اساسی در موسیقی ایرانی - سُرناز","text/html; charset=UTF-8","","","301","pending"
"https://sornaz.com/%d8%aa%d8%a6%d9%88%d8%b1%db%8c-%d9%85%d9%88%d8%b3%db%8c%d9%82%db%8c-%d8%a7%db%8c%d8%b1%d8%a7%d9%86%db%8c%d8%8c-%d8%a8%d8%b1%d8%b1%d8%b3%db%8c-%d8%aa%d8%a6%d9%88%d8%b1%db%8c-%d8%af%d8%a7%d9%86%da%af/","/تئوری-موسیقی-ایرانی،-بررسی-تئوری-دانگ/","discovered-link","200","https://sornaz.com/%d8%aa%d8%a6%d9%88%d8%b1%db%8c-%d9%85%d9%88%d8%b3%db%8c%d9%82%db%8c-%d8%a7%db%8c%d8%b1%d8%a7%d9%86%db%8c/","https://sornaz.com/%d8%aa%d8%a6%d9%88%d8%b1%db%8c-%d9%85%d9%88%d8%b3%db%8c%d9%82%db%8c-%d8%a7%db%8c%d8%b1%d8%a7%d9%86%db%8c/","تئوری موسیقی ایرانی، بررسی تئوری دانگ ها و 4 دانگ اساسی در موسیقی ایرانی - سُرناز","text/html; charset=UTF-8","","","301","pending"
"https://sornaz.com/%d8%aa%d8%a6%d9%88%d8%b1%db%8c-%d9%85%d9%88%d8%b3%db%8c%d9%82%db%8c-%da%86%db%8c%d8%b3%d8%aa%d8%9f/","/تئوری-موسیقی-چیست؟/","discovered-link","200","https://sornaz.com/%d8%aa%d8%a6%d9%88%d8%b1%db%8c-%d9%85%d9%88%d8%b3%db%8c%d9%82%db%8c/","https://sornaz.com/%d8%aa%d8%a6%d9%88%d8%b1%db%8c-%d9%85%d9%88%d8%b3%db%8c%d9%82%db%8c/","تئوری موسیقی چیست؟ چرا و چگونه تئوری موسیقی به وجود آمد؟ 5 مزیت یادگیری تیوری موسیقی - سُرناز","text/html; charset=UTF-8","","","301","pending"
"https://sornaz.com/%d8%aa%d8%a6%d9%88%d8%b1%db%8c-%d9%85%d9%88%d8%b3%db%8c%d9%82%db%8c/","/تئوری-موسیقی/","sitemap:post","200","https://sornaz.com/%d8%aa%d8%a6%d9%88%d8%b1%db%8c-%d9%85%d9%88%d8%b3%db%8c%d9%82%db%8c/","https://sornaz.com/%d8%aa%d8%a6%d9%88%d8%b1%db%8c-%d9%85%d9%88%d8%b3%db%8c%d9%82%db%8c/","تئوری موسیقی چیست؟ چرا و چگونه تئوری موسیقی به وجود آمد؟ 5 مزیت یادگیری تیوری موسیقی - سُرناز","text/html; charset=UTF-8","","","301","pending"
"https://sornaz.com/%d8%aa%d8%a6%d9%88%d8%b1%db%8c-%da%af%d8%a7%d9%85-24-%d8%b1%d8%a8%d8%b9-%d9%be%d8%b1%d8%af%d9%87-%d8%a7%db%8c-%d8%b9%d9%84%db%8c%d9%86%d9%82%db%8c-%d9%88%d8%b2%db%8c%d8%b1%db%8c/","/تئوری-گام-24-ربع-پرده-ای-علینقی-وزیری/","sitemap:post","200","https://sornaz.com/%d8%aa%d8%a6%d9%88%d8%b1%db%8c-%da%af%d8%a7%d9%85-24-%d8%b1%d8%a8%d8%b9-%d9%be%d8%b1%d8%af%d9%87-%d8%a7%db%8c-%d8%b9%d9%84%db%8c%d9%86%d9%82%db%8c-%d9%88%d8%b2%db%8c%d8%b1%db%8c/","https://sornaz.com/%d8%aa%d8%a6%d9%88%d8%b1%db%8c-%da%af%d8%a7%d9%85-24-%d8%b1%d8%a8%d8%b9-%d9%be%d8%b1%d8%af%d9%87-%d8%a7%db%8c-%d8%b9%d9%84%db%8c%d9%86%d9%82%db%8c-%d9%88%d8%b2%db%8c%d8%b1%db%8c/","تئوری گام 24 ربع پرده ای در موسیقی ایرانی از علینقی وزیری - سُرناز","text/html; charset=UTF-8","","","301","pending"
"https://sornaz.com/%d8%aa%d8%a7%d8%b1%db%8c%d8%ae-%d9%85%d9%88%d8%b3%db%8c%d9%82%db%8c-%d8%a7%db%8c%d8%b1%d8%a7%d9%86/","/تاریخ-موسیقی-ایران/","sitemap:post","200","https://sornaz.com/%d8%aa%d8%a7%d8%b1%db%8c%d8%ae-%d9%85%d9%88%d8%b3%db%8c%d9%82%db%8c-%d8%a7%db%8c%d8%b1%d8%a7%d9%86/","https://sornaz.com/%d8%aa%d8%a7%d8%b1%db%8c%d8%ae-%d9%85%d9%88%d8%b3%db%8c%d9%82%db%8c-%d8%a7%db%8c%d8%b1%d8%a7%d9%86/","تاریخ موسیقی ایران بخش 1 - سُرناز","text/html; charset=UTF-8","","","301","pending"
"https://sornaz.com/%d8%aa%d8%a7%d8%b1%db%8c%d8%ae%da%86%d9%87-%d9%86%d8%aa-%d8%ae%d9%88%d8%a7%d9%86%db%8c/","/تاریخچه-نت-خوانی/","sitemap:post","200","https://sornaz.com/%d8%aa%d8%a7%d8%b1%db%8c%d8%ae%da%86%d9%87-%d9%86%d8%aa-%d8%ae%d9%88%d8%a7%d9%86%db%8c/","https://sornaz.com/%d8%aa%d8%a7%d8%b1%db%8c%d8%ae%da%86%d9%87-%d9%86%d8%aa-%d8%ae%d9%88%d8%a7%d9%86%db%8c/","تاریخچه پیدایش نت و نت خوانی در موسیقی، کلیدهای مختلف در نت‌خوانی - سُرناز","text/html; charset=UTF-8","","","301","pending"
"https://sornaz.com/%d8%aa%d9%85-%d8%af%d8%b1-%d9%85%d9%88%d8%b3%db%8c%d9%82%db%8c/","/تم-در-موسیقی/","sitemap:post","200","https://sornaz.com/%d8%aa%d9%85-%d8%af%d8%b1-%d9%85%d9%88%d8%b3%db%8c%d9%82%db%8c/","https://sornaz.com/%d8%aa%d9%85-%d8%af%d8%b1-%d9%85%d9%88%d8%b3%db%8c%d9%82%db%8c/","مفهوم سوژه یا تم در موسیقی - سُرناز","text/html; charset=UTF-8","","","301","pending"
"https://sornaz.com/%d8%aa%d9%85%d9%be%d9%88/","/تمپو/","sitemap:post","200","https://sornaz.com/%d8%aa%d9%85%d9%be%d9%88/","https://sornaz.com/%d8%aa%d9%85%d9%be%d9%88/","تمپو یا سرعت اجرای قطعات موسیقی - سُرناز","text/html; charset=UTF-8","","","301","pending"
"https://sornaz.com/%d8%ac%d9%84%db%8c%d9%84-%d8%b4%d9%87%d9%86%d8%a7%d8%b2/","/جلیل-شهناز/","sitemap:post","200","https://sornaz.com/%d8%ac%d9%84%db%8c%d9%84-%d8%b4%d9%87%d9%86%d8%a7%d8%b2/","https://sornaz.com/%d8%ac%d9%84%db%8c%d9%84-%d8%b4%d9%87%d9%86%d8%a7%d8%b2/","جلیل شهناز، شهنواز موسیقی ایران، نوازنده بی بدیل تار - سُرناز","text/html; charset=UTF-8","","","301","pending"
"https://sornaz.com/%d8%ac%d9%85%d9%84%d9%87/","/جمله/","sitemap:post","200","https://sornaz.com/%d8%ac%d9%85%d9%84%d9%87/","https://sornaz.com/%d8%ac%d9%85%d9%84%d9%87/","جمله در موسیقی به چه معناست؟ 4 روش مهم برای ساختن جمله های موسیقی - سُرناز","text/html; charset=UTF-8","","","301","pending"
"https://sornaz.com/%d8%ac%d9%88%d8%a7%d8%af-%d9%85%d8%b9%d8%b1%d9%88%d9%81%db%8c/","/جواد-معروفی/","sitemap:post","200","https://sornaz.com/%d8%ac%d9%88%d8%a7%d8%af-%d9%85%d8%b9%d8%b1%d9%88%d9%81%db%8c/","https://sornaz.com/%d8%ac%d9%88%d8%a7%d8%af-%d9%85%d8%b9%d8%b1%d9%88%d9%81%db%8c/","جواد معروفی - سُرناز","text/html; charset=UTF-8","","","301","pending"
"https://sornaz.com/%d8%ad%d8%a7%d8%ac-%d8%aa%d8%a7%d8%ac-%d9%86%db%8c%d8%b4%d8%a7%d8%a8%d9%88%d8%b1%db%8c/","/حاج-تاج-نیشابوری/","sitemap:post","200","https://sornaz.com/%d8%ad%d8%a7%d8%ac-%d8%aa%d8%a7%d8%ac-%d9%86%db%8c%d8%b4%d8%a7%d8%a8%d9%88%d8%b1%db%8c/","https://sornaz.com/%d8%ad%d8%a7%d8%ac-%d8%aa%d8%a7%d8%ac-%d9%86%db%8c%d8%b4%d8%a7%d8%a8%d9%88%d8%b1%db%8c/","حاج تاج نیشابوری - سُرناز","text/html; charset=UTF-8","","","301","pending"
"https://sornaz.com/%d8%ad%d8%a8%db%8c%d8%a8-%d8%b3%d9%85%d8%a7%d8%b9%db%8c/","/حبیب-سماعی/","sitemap:post","200","https://sornaz.com/%d8%ad%d8%a8%db%8c%d8%a8-%d8%b3%d9%85%d8%a7%d8%b9%db%8c/","https://sornaz.com/%d8%ad%d8%a8%db%8c%d8%a8-%d8%b3%d9%85%d8%a7%d8%b9%db%8c/","حبیب سماعی - سُرناز","text/html; charset=UTF-8","","","301","pending"
"https://sornaz.com/%d8%ad%d8%b3%d8%a7%d8%a8-%da%a9%d8%a7%d8%b1%d8%a8%d8%b1%db%8c/","/حساب-کاربری/","sitemap:page","200","https://sornaz.com/%d8%ad%d8%b3%d8%a7%d8%a8-%da%a9%d8%a7%d8%b1%d8%a8%d8%b1%db%8c/","https://sornaz.com/%d8%ad%d8%b3%d8%a7%d8%a8-%da%a9%d8%a7%d8%b1%d8%a8%d8%b1%db%8c/","حساب کاربری - سُرناز","text/html; charset=UTF-8","","","301","pending"
"https://sornaz.com/%d8%ad%d8%b3%d9%86-%da%a9%d8%b3%d8%a7%db%8c%db%8c/","/حسن-کسایی/","sitemap:post","200","https://sornaz.com/%d8%ad%d8%b3%d9%86-%da%a9%d8%b3%d8%a7%db%8c%db%8c/","https://sornaz.com/%d8%ad%d8%b3%d9%86-%da%a9%d8%b3%d8%a7%db%8c%db%8c/","حسن کسایی | نوازنده برجسته نی، ردیف دان ملقب به استاد کامل - سُرناز","text/html; charset=UTF-8","","","301","pending"
"https://sornaz.com/%d8%ad%d8%b3%d9%8a%d9%86-%d8%b9%d9%84%d9%89-%d9%88%d8%b2%d9%8a%d8%b1%d9%89-%d8%aa%d8%a8%d8%a7%d8%b1/","/حسين-على-وزيرى-تبار/","sitemap:post","200","https://sornaz.com/%d8%ad%d8%b3%d9%8a%d9%86-%d8%b9%d9%84%d9%89-%d9%88%d8%b2%d9%8a%d8%b1%d9%89-%d8%aa%d8%a8%d8%a7%d8%b1/","https://sornaz.com/%d8%ad%d8%b3%d9%8a%d9%86-%d8%b9%d9%84%d9%89-%d9%88%d8%b2%d9%8a%d8%b1%d9%89-%d8%aa%d8%a8%d8%a7%d8%b1/","حسين على وزيرى تبار - سُرناز","text/html; charset=UTF-8","","","301","pending"
"https://sornaz.com/%d8%ad%d8%b3%db%8c%d9%86-%d8%b9%d9%84%db%8c%d8%b2%d8%a7%d8%af%d9%87/","/حسین-علیزاده/","sitemap:post","200","https://sornaz.com/%d8%ad%d8%b3%db%8c%d9%86-%d8%b9%d9%84%db%8c%d8%b2%d8%a7%d8%af%d9%87/","https://sornaz.com/%d8%ad%d8%b3%db%8c%d9%86-%d8%b9%d9%84%db%8c%d8%b2%d8%a7%d8%af%d9%87/","زندگینامه و آثار حسین علیزاده موسیقی دان برجسته ایرانی | حضور در 2 گروه عارف و کانون چاووش - سُرناز","text/html; charset=UTF-8","","","301","pending"
"https://sornaz.com/%d8%af%d8%b3%d8%aa%da%af%d8%a7%d9%87-%d8%b1%d8%a7%d8%b3%d8%aa-%d9%be%d9%86%d8%ac%da%af%d8%a7%d9%87/","/دستگاه-راست-پنجگاه/","sitemap:post","200","https://sornaz.com/%d8%af%d8%b3%d8%aa%da%af%d8%a7%d9%87-%d8%b1%d8%a7%d8%b3%d8%aa-%d9%be%d9%86%d8%ac%da%af%d8%a7%d9%87/","https://sornaz.com/%d8%af%d8%b3%d8%aa%da%af%d8%a7%d9%87-%d8%b1%d8%a7%d8%b3%d8%aa-%d9%be%d9%86%d8%ac%da%af%d8%a7%d9%87/","دستگاه راست پنجگاه | فن آخر در ردیف موسیقی ایرانی | شباهت گام 2 دستگاه راست‌پنجگاه و ماهور | دستگاهی برای مرکب نوازی و مرکب خوانی - سُرناز","text/html; charset=UTF-8","","","301","pending"
"https://sornaz.com/%d8%af%d8%b3%d8%aa%da%af%d8%a7%d9%87-%d8%b3%d9%87-%da%af%d8%a7%d9%87/","/دستگاه-سه-گاه/","sitemap:post","200","https://sornaz.com/%d8%af%d8%b3%d8%aa%da%af%d8%a7%d9%87-%d8%b3%d9%87-%da%af%d8%a7%d9%87/","https://sornaz.com/%d8%af%d8%b3%d8%aa%da%af%d8%a7%d9%87-%d8%b3%d9%87-%da%af%d8%a7%d9%87/","دستگاه سه گاه | شباهت ها و تفاوت دستگاه سه گاه به آواز افشاری در ردیف موسیقی ایرانی | مایه شناسی سه گاه در گام 24 ربع پرده ای علینقی وزیری - سُرناز","text/html; charset=UTF-8","","","301","pending"
"https://sornaz.com/%d8%af%d8%b3%d8%aa%da%af%d8%a7%d9%87-%d8%b4%d9%86%d8%a7%d8%b3%db%8c-%d9%88-%d8%a2%d9%88%d8%a7%d8%b2%d8%b4%d9%86%d8%a7%d8%b3%db%8c-%d9%85%d9%88%d8%b3%db%8c%d9%82%db%8c-%d8%a7%db%8c%d8%b1%d8%a7%d9%86/","/دستگاه-شناسی-و-آوازشناسی-موسیقی-ایران/","sitemap:post","200","https://sornaz.com/%d8%af%d8%b3%d8%aa%da%af%d8%a7%d9%87-%d8%b4%d9%86%d8%a7%d8%b3%db%8c-%d9%88-%d8%a2%d9%88%d8%a7%d8%b2%d8%b4%d9%86%d8%a7%d8%b3%db%8c-%d9%85%d9%88%d8%b3%db%8c%d9%82%db%8c-%d8%a7%db%8c%d8%b1%d8%a7%d9%86/","https://sornaz.com/%d8%af%d8%b3%d8%aa%da%af%d8%a7%d9%87-%d8%b4%d9%86%d8%a7%d8%b3%db%8c-%d9%88-%d8%a2%d9%88%d8%a7%d8%b2%d8%b4%d9%86%d8%a7%d8%b3%db%8c-%d9%85%d9%88%d8%b3%db%8c%d9%82%db%8c-%d8%a7%db%8c%d8%b1%d8%a7%d9%86/","دستگاه شناسی و آوازشناسی موسیقی ایرانی، شناخت علائم سرکلید 12 مقام موسیقی ایرانی - سُرناز","text/html; charset=UTF-8","","","301","pending"
"https://sornaz.com/%d8%af%d8%b3%d8%aa%da%af%d8%a7%d9%87-%d8%b4%d9%88%d8%b1/","/دستگاه-شور/","sitemap:post","200","https://sornaz.com/%d8%af%d8%b3%d8%aa%da%af%d8%a7%d9%87-%d8%b4%d9%88%d8%b1/","https://sornaz.com/%d8%af%d8%b3%d8%aa%da%af%d8%a7%d9%87-%d8%b4%d9%88%d8%b1/","دستگاه شور، گسترده ترین دستگاه موسیقی ایرانی (1) | نظریه روح اله خالقی | مایه شناسی در گام 24 ربع پرده ای علینقی وزیری - سُرناز","text/html; charset=UTF-8","","","301","pending"
"https://sornaz.com/%d8%af%d8%b3%d8%aa%da%af%d8%a7%d9%87-%d9%85%d8%a7%d9%87%d9%88%d8%b1/","/دستگاه-ماهور/","sitemap:post","200","https://sornaz.com/%d8%af%d8%b3%d8%aa%da%af%d8%a7%d9%87-%d9%85%d8%a7%d9%87%d9%88%d8%b1/","https://sornaz.com/%d8%af%d8%b3%d8%aa%da%af%d8%a7%d9%87-%d9%85%d8%a7%d9%87%d9%88%d8%b1/","دستگاه ماهور | شباهت دستگاه ماهور در موسیقی ایرانی به گام ماژور | دستگاهی با حدود 50 گوشه | ساختار و مایه شناسی - سُرناز","text/html; charset=UTF-8","","","301","pending"
"https://sornaz.com/%d8%af%d8%b3%d8%aa%da%af%d8%a7%d9%87-%d9%86%d9%88%d8%a7/","/دستگاه-نوا/","sitemap:post","200","https://sornaz.com/%d8%af%d8%b3%d8%aa%da%af%d8%a7%d9%87-%d9%86%d9%88%d8%a7/","https://sornaz.com/%d8%af%d8%b3%d8%aa%da%af%d8%a7%d9%87-%d9%86%d9%88%d8%a7/","دستگاه نوا یا آواز نوا؟ دستگاهی که موسیقی دانان ایرانی در مورد آن اختلاف نظر دارند| شباهت ها و تفاوت دستگاه نوا و شور | 2 الگوی گام متفاوت برای نوا - سُرناز","text/html; charset=UTF-8","","","301","pending"
"https://sornaz.com/%d8%af%d8%b3%d8%aa%da%af%d8%a7%d9%87-%d9%87%d9%85%d8%a7%db%8c%d9%88%d9%86/","/دستگاه-همایون/","sitemap:post","200","https://sornaz.com/%d8%af%d8%b3%d8%aa%da%af%d8%a7%d9%87-%d9%87%d9%85%d8%a7%db%8c%d9%88%d9%86/","https://sornaz.com/%d8%af%d8%b3%d8%aa%da%af%d8%a7%d9%87-%d9%87%d9%85%d8%a7%db%8c%d9%88%d9%86/","دستگاه همایون | شباهت ها و اختلاف های دستگاه همایون به شور و بیات اصفهان در ردیف موسیقی ایرانی و گام مینور هارمونیک | مایه شناسی در گام 24 ربع پرده ای وزیری - سُرناز","text/html; charset=UTF-8","","","301","pending"
"https://sornaz.com/%d8%af%d8%b3%d8%aa%da%af%d8%a7%d9%87-%d9%88-%d8%a2%d9%88%d8%a7%d8%b2/","/دستگاه-و-آواز/","sitemap:post","200","https://sornaz.com/%d8%af%d8%b3%d8%aa%da%af%d8%a7%d9%87-%d9%88-%d8%a2%d9%88%d8%a7%d8%b2/","https://sornaz.com/%d8%af%d8%b3%d8%aa%da%af%d8%a7%d9%87-%d9%88-%d8%a2%d9%88%d8%a7%d8%b2/","مفهوم دستگاه و آواز در موسیقی ایران چیست؟ تفاوت های اساسی این ساختارها - سُرناز","text/html; charset=UTF-8","","","301","pending"
"https://sornaz.com/%d8%af%d8%b3%d8%aa%da%af%d8%a7%d9%87-%da%86%d9%87%d8%a7%d8%b1%da%af%d8%a7%d9%87/","/دستگاه-چهارگاه/","sitemap:post","200","https://sornaz.com/%d8%af%d8%b3%d8%aa%da%af%d8%a7%d9%87-%da%86%d9%87%d8%a7%d8%b1%da%af%d8%a7%d9%87/","https://sornaz.com/%d8%af%d8%b3%d8%aa%da%af%d8%a7%d9%87-%da%86%d9%87%d8%a7%d8%b1%da%af%d8%a7%d9%87/","دستگاه چهارگاه | منحصر به فرد ترین دستگاه در ردیف موسیقی ایرانی | مایه شناسی در گام 24 قسمتی علینقی وزیری - سُرناز","text/html; charset=UTF-8","","","301","pending"
"https://sornaz.com/%d8%b1%d8%a7%d8%b3%d8%aa-%da%a9%d9%88%da%a9-%d9%88-%da%86%d9%be-%da%a9%d9%88%da%a9/","/راست-کوک-و-چپ-کوک/","sitemap:post","200","https://sornaz.com/%d8%b1%d8%a7%d8%b3%d8%aa-%da%a9%d9%88%da%a9-%d9%88-%da%86%d9%be-%da%a9%d9%88%da%a9/","https://sornaz.com/%d8%b1%d8%a7%d8%b3%d8%aa-%da%a9%d9%88%da%a9-%d9%88-%da%86%d9%be-%da%a9%d9%88%da%a9/","مفهوم 2 اصطلاح راست کوک و چپ کوک در موسیقی ایرانی چیست؟ - سُرناز","text/html; charset=UTF-8","","","301","pending"
"https://sornaz.com/%d8%b1%d8%a7%d9%87%d9%86%d9%85%d8%a7%db%8c-%d8%ae%d8%b1%db%8c%d8%af-%d8%aa%d8%a7%d8%b1/","/راهنمای-خرید-تار/","sitemap:post","200","https://sornaz.com/%d8%b1%d8%a7%d9%87%d9%86%d9%85%d8%a7%db%8c-%d8%ae%d8%b1%db%8c%d8%af-%d8%aa%d8%a7%d8%b1/","https://sornaz.com/%d8%b1%d8%a7%d9%87%d9%86%d9%85%d8%a7%db%8c-%d8%ae%d8%b1%db%8c%d8%af-%d8%aa%d8%a7%d8%b1/","راهنمای جامع خرید تار | نکات لازم جهت خرید | 10 قسمت مختلف تار و ویژگی های یک ساز خوب - سُرناز","text/html; charset=UTF-8","","","301","pending"
"https://sornaz.com/%d8%b1%d8%a7%d9%87%d9%86%d9%85%d8%a7%db%8c-%d8%ae%d8%b1%db%8c%d8%af-%d8%aa%d9%86%d8%a8%da%a9/","/راهنمای-خرید-تنبک/","sitemap:post","200","https://sornaz.com/%d8%b1%d8%a7%d9%87%d9%86%d9%85%d8%a7%db%8c-%d8%ae%d8%b1%db%8c%d8%af-%d8%aa%d9%86%d8%a8%da%a9/","https://sornaz.com/%d8%b1%d8%a7%d9%87%d9%86%d9%85%d8%a7%db%8c-%d8%ae%d8%b1%db%8c%d8%af-%d8%aa%d9%86%d8%a8%da%a9/","راهنمای جامع خرید تنبک | 6 نکته کاربردی در خرید تمبک | 4 سوال مهم هنگام خرید تنبک - سُرناز","text/html; charset=UTF-8","","","301","pending"
"https://sornaz.com/%d8%b1%d8%a7%d9%87%d9%86%d9%85%d8%a7%db%8c-%d8%ae%d8%b1%db%8c%d8%af-%d8%b3%d9%86%d8%aa%d9%88%d8%b1/","/راهنمای-خرید-سنتور/","sitemap:post","200","https://sornaz.com/%d8%b1%d8%a7%d9%87%d9%86%d9%85%d8%a7%db%8c-%d8%ae%d8%b1%db%8c%d8%af-%d8%b3%d9%86%d8%aa%d9%88%d8%b1/","https://sornaz.com/%d8%b1%d8%a7%d9%87%d9%86%d9%85%d8%a7%db%8c-%d8%ae%d8%b1%db%8c%d8%af-%d8%b3%d9%86%d8%aa%d9%88%d8%b1/","راهنمای جامع خرید سنتور برای شروع یادگیری افراد مبتدی | 9 نکته مهم برای خرید بهترین سنتور - سُرناز","text/html; charset=UTF-8","","","301","pending"
"https://sornaz.com/%d8%b1%d8%a7%d9%87%d9%86%d9%85%d8%a7%db%8c-%d8%ae%d8%b1%db%8c%d8%af-%d8%b3%d9%87-%d8%aa%d8%a7%d8%b1/","/راهنمای-خرید-سه-تار/","sitemap:post","200","https://sornaz.com/%d8%b1%d8%a7%d9%87%d9%86%d9%85%d8%a7%db%8c-%d8%ae%d8%b1%db%8c%d8%af-%d8%b3%d9%87-%d8%aa%d8%a7%d8%b1/","https://sornaz.com/%d8%b1%d8%a7%d9%87%d9%86%d9%85%d8%a7%db%8c-%d8%ae%d8%b1%db%8c%d8%af-%d8%b3%d9%87-%d8%aa%d8%a7%d8%b1/","راهنمای جامع خرید سه تار | بررسی ساختمان و اجزای سه تار | قیمت انواع سه تار | 8 نکته مهم در رابطه با کیفیت صدای سه تار - سُرناز","text/html; charset=UTF-8","","","301","pending"
"https://sornaz.com/%d8%b1%d8%a7%d9%87%d9%86%d9%85%d8%a7%db%8c-%d8%ae%d8%b1%db%8c%d8%af-%d8%b9%d9%88%d8%af-%d9%88-%d8%a8%d8%b1%d8%a8%d8%b7/","/راهنمای-خرید-عود-و-بربط/","sitemap:post","200","https://sornaz.com/%d8%b1%d8%a7%d9%87%d9%86%d9%85%d8%a7%db%8c-%d8%ae%d8%b1%db%8c%d8%af-%d8%b9%d9%88%d8%af-%d9%88-%d8%a8%d8%b1%d8%a8%d8%b7/","https://sornaz.com/%d8%b1%d8%a7%d9%87%d9%86%d9%85%d8%a7%db%8c-%d8%ae%d8%b1%db%8c%d8%af-%d8%b9%d9%88%d8%af-%d9%88-%d8%a8%d8%b1%d8%a8%d8%b7/","راهنمای جامع خرید عود و بربط | معرفی 8 بخش مختلف ساز عود | نکات مهم برای خرید بربط - سُرناز","text/html; charset=UTF-8","","","301","pending"
"https://sornaz.com/%d8%b1%d8%a7%d9%87%d9%86%d9%85%d8%a7%db%8c-%d8%ae%d8%b1%db%8c%d8%af-%d9%81%d9%84%d9%88%d8%aa/","/راهنمای-خرید-فلوت/","sitemap:post","200","https://sornaz.com/%d8%b1%d8%a7%d9%87%d9%86%d9%85%d8%a7%db%8c-%d8%ae%d8%b1%db%8c%d8%af-%d9%81%d9%84%d9%88%d8%aa/","https://sornaz.com/%d8%b1%d8%a7%d9%87%d9%86%d9%85%d8%a7%db%8c-%d8%ae%d8%b1%db%8c%d8%af-%d9%81%d9%84%d9%88%d8%aa/","راهنمای جامع خرید فلوت ریکوردر - سُرناز","text/html; charset=UTF-8","","","301","pending"
"https://sornaz.com/%d8%b1%d8%a7%d9%87%d9%86%d9%85%d8%a7%db%8c-%d8%ae%d8%b1%db%8c%d8%af-%d9%87%d9%86%da%af-%d8%af%d8%b1%d8%a7%d9%85/","/راهنمای-خرید-هنگ-درام/","sitemap:post","200","https://sornaz.com/%d8%b1%d8%a7%d9%87%d9%86%d9%85%d8%a7%db%8c-%d8%ae%d8%b1%db%8c%d8%af-%d9%87%d9%86%da%af-%d8%af%d8%b1%d8%a7%d9%85/","https://sornaz.com/%d8%b1%d8%a7%d9%87%d9%86%d9%85%d8%a7%db%8c-%d8%ae%d8%b1%db%8c%d8%af-%d9%87%d9%86%da%af-%d8%af%d8%b1%d8%a7%d9%85/","راهنمای جامع خرید هنگ درام | 4 نکته مهم جهت تهیه و خرید هنگ درام برای افراد مبتدی و حرفه ای - سُرناز","text/html; charset=UTF-8","","","301","pending"
"https://sornaz.com/%d8%b1%d8%a7%d9%87%d9%86%d9%85%d8%a7%db%8c-%d8%ae%d8%b1%db%8c%d8%af-%d9%88%db%8c%d9%88%d9%84%d9%86/","/راهنمای-خرید-ویولن/","sitemap:post","200","https://sornaz.com/%d8%b1%d8%a7%d9%87%d9%86%d9%85%d8%a7%db%8c-%d8%ae%d8%b1%db%8c%d8%af-%d9%88%db%8c%d9%88%d9%84%d9%86/","https://sornaz.com/%d8%b1%d8%a7%d9%87%d9%86%d9%85%d8%a7%db%8c-%d8%ae%d8%b1%db%8c%d8%af-%d9%88%db%8c%d9%88%d9%84%d9%86/","راهنمای خرید ویولن | چه مواردی در انتخاب ویولون اهمیت دارد؟ | 11 نکته مهم و کاربردی در خرید ویولون - سُرناز","text/html; charset=UTF-8","","","301","pending"
"https://sornaz.com/%d8%b1%d8%a7%d9%87%d9%86%d9%85%d8%a7%db%8c-%d8%ae%d8%b1%db%8c%d8%af-%d9%be%db%8c%d8%a7%d9%86%d9%88/","/راهنمای-خرید-پیانو/","sitemap:post","200","https://sornaz.com/%d8%b1%d8%a7%d9%87%d9%86%d9%85%d8%a7%db%8c-%d8%ae%d8%b1%db%8c%d8%af-%d9%be%db%8c%d8%a7%d9%86%d9%88/","https://sornaz.com/%d8%b1%d8%a7%d9%87%d9%86%d9%85%d8%a7%db%8c-%d8%ae%d8%b1%db%8c%d8%af-%d9%be%db%8c%d8%a7%d9%86%d9%88/","راهنمای جامع خرید پیانو برای افراد مبتدی و حرفه ای | مهم ترین مشخصات به همراه معرفی 3 مدل محبوب و ارزان قیمت - سُرناز","text/html; charset=UTF-8","","","301","pending"
"https://sornaz.com/%d8%b1%d8%a7%d9%87%d9%86%d9%85%d8%a7%db%8c-%d8%ae%d8%b1%db%8c%d8%af-%da%a9%d8%a7%d9%84%db%8c%d9%85%d8%a8%d8%a7/","/راهنمای-خرید-کالیمبا/","sitemap:post","200","https://sornaz.com/%d8%b1%d8%a7%d9%87%d9%86%d9%85%d8%a7%db%8c-%d8%ae%d8%b1%db%8c%d8%af-%da%a9%d8%a7%d9%84%db%8c%d9%85%d8%a8%d8%a7/","https://sornaz.com/%d8%b1%d8%a7%d9%87%d9%86%d9%85%d8%a7%db%8c-%d8%ae%d8%b1%db%8c%d8%af-%da%a9%d8%a7%d9%84%db%8c%d9%85%d8%a8%d8%a7/","راهنمای جامع خرید کالیمبا | بررسی 2 نوع طراحی ساز کالیمبا | سازی بسیار جذاب و ساده برای یادگیری - سُرناز","text/html; charset=UTF-8","","","301","pending"
"https://sornaz.com/%d8%b1%d8%a7%d9%87%d9%86%d9%85%d8%a7%db%8c-%d8%ae%d8%b1%db%8c%d8%af-%da%a9%d9%85%d8%a7%d9%86%da%86%d9%87/","/راهنمای-خرید-کمانچه/","sitemap:post","200","https://sornaz.com/%d8%b1%d8%a7%d9%87%d9%86%d9%85%d8%a7%db%8c-%d8%ae%d8%b1%db%8c%d8%af-%da%a9%d9%85%d8%a7%d9%86%da%86%d9%87/","https://sornaz.com/%d8%b1%d8%a7%d9%87%d9%86%d9%85%d8%a7%db%8c-%d8%ae%d8%b1%db%8c%d8%af-%da%a9%d9%85%d8%a7%d9%86%da%86%d9%87/","راهنمای جامع خرید کمانچه | معرفی اجزای کمانچه | نکات و مشخصات ضروری جهت خرید کمانچه | آشنایی با 5 برند معتبر تولید کننده کمانچه - سُرناز","text/html; charset=UTF-8","","","301","pending"
"https://sornaz.com/%d8%b1%d8%a7%d9%87%d9%86%d9%85%d8%a7%db%8c-%d8%ae%d8%b1%db%8c%d8%af-%da%af%db%8c%d8%aa%d8%a7%d8%b1/","/راهنمای-خرید-گیتار/","sitemap:post","200","https://sornaz.com/%d8%b1%d8%a7%d9%87%d9%86%d9%85%d8%a7%db%8c-%d8%ae%d8%b1%db%8c%d8%af-%da%af%db%8c%d8%aa%d8%a7%d8%b1/","https://sornaz.com/%d8%b1%d8%a7%d9%87%d9%86%d9%85%d8%a7%db%8c-%d8%ae%d8%b1%db%8c%d8%af-%da%af%db%8c%d8%aa%d8%a7%d8%b1/","راهنمای جامع خرید گیتار برای شروع یادگیری | مهم ترین نکات و مشخصات | معرفی 5 مدل ارزان قیمت و مناسب برای شروع - سُرناز","text/html; charset=UTF-8","","","301","pending"
"https://sornaz.com/%d8%b1%d8%af%db%8c%d9%81/","/ردیف/","sitemap:post","200","https://sornaz.com/%d8%b1%d8%af%db%8c%d9%81/","https://sornaz.com/%d8%b1%d8%af%db%8c%d9%81/","مفهوم ردیف در موسیقی ایرانی، 7 دستگاه و 5 آواز در ردیف موسیقی ایرانی کدامند؟ - سُرناز","text/html; charset=UTF-8","","","301","pending"
"https://sornaz.com/%d8%b1%d8%b6%d8%a7-%d9%85%d8%ad%d8%ac%d9%88%d8%a8%db%8c/","/رضا-محجوبی/","sitemap:post","200","https://sornaz.com/%d8%b1%d8%b6%d8%a7-%d9%85%d8%ad%d8%ac%d9%88%d8%a8%db%8c/","https://sornaz.com/%d8%b1%d8%b6%d8%a7-%d9%85%d8%ad%d8%ac%d9%88%d8%a8%db%8c/","رضا محجوبی - سُرناز","text/html; charset=UTF-8","","","301","pending"
"https://sornaz.com/%d8%b1%d9%88%d8%ad-%d8%a7%d9%84%d9%84%d9%87-%d8%ae%d8%a7%d9%84%d9%82%db%8c/","/روح-الله-خالقی/","sitemap:post","200","https://sornaz.com/%d8%b1%d9%88%d8%ad-%d8%a7%d9%84%d9%84%d9%87-%d8%ae%d8%a7%d9%84%d9%82%db%8c/","https://sornaz.com/%d8%b1%d9%88%d8%ad-%d8%a7%d9%84%d9%84%d9%87-%d8%ae%d8%a7%d9%84%d9%82%db%8c/","روح الله خالقی، نوازنده، آهنگساز و محقق برجسته موسیقی ایران - سُرناز","text/html; charset=UTF-8","","","301","pending"
"https://sornaz.com/%d8%b1%d9%90%d9%86%da%af/","/رِنگ/","sitemap:post","200","https://sornaz.com/%d8%b1%d9%90%d9%86%da%af/","https://sornaz.com/%d8%b1%d9%90%d9%86%da%af/","فرم رِنگ در موسیقی ایران چگونه است؟ رنگ های مهم ایرانی کدامند؟ - سُرناز","text/html; charset=UTF-8","","","301","pending"
"https://sornaz.com/%d8%b1%db%8c%d8%aa%d9%85-%d8%ae%d9%88%d8%a7%d9%86%db%8c-%d8%af%d8%b1-%d9%85%d9%88%d8%b3%db%8c%d9%82%db%8c/","/ریتم-خوانی-در-موسیقی/","sitemap:post","200","https://sornaz.com/%d8%b1%db%8c%d8%aa%d9%85-%d8%ae%d9%88%d8%a7%d9%86%db%8c-%d8%af%d8%b1-%d9%85%d9%88%d8%b3%db%8c%d9%82%db%8c/","https://sornaz.com/%d8%b1%db%8c%d8%aa%d9%85-%d8%ae%d9%88%d8%a7%d9%86%db%8c-%d8%af%d8%b1-%d9%85%d9%88%d8%b3%db%8c%d9%82%db%8c/","ریتم خوانی در موسیقی، آشنایی با قواعد و مفاهیم اصلی زمان‌بندی در ریتم‌خوانی - سُرناز","text/html; charset=UTF-8","","","301","pending"
"https://sornaz.com/%d8%b1%db%8c%d8%aa%d9%85-%d8%af%d8%b1-%d9%85%d9%88%d8%b3%db%8c%d9%82%db%8c-%d8%a8%d9%87-%da%86%d9%87-%d9%85%d8%b9%d9%86%d8%a7%d8%b3%d8%aa%d8%9f/","/ریتم-در-موسیقی-به-چه-معناست؟/","discovered-link","200","https://sornaz.com/%d8%b1%db%8c%d8%aa%d9%85-%d8%af%d8%b1-%d9%85%d9%88%d8%b3%db%8c%d9%82%db%8c/","https://sornaz.com/%d8%b1%db%8c%d8%aa%d9%85-%d8%af%d8%b1-%d9%85%d9%88%d8%b3%db%8c%d9%82%db%8c/","ریتم در موسیقی به چه معناست؟ چرا ریتم یا ضرب آهنگ مهمترین عنصر موسیقی است؟ - سُرناز","text/html; charset=UTF-8","","","301","pending"
"https://sornaz.com/%d8%b1%db%8c%d8%aa%d9%85-%d8%af%d8%b1-%d9%85%d9%88%d8%b3%db%8c%d9%82%db%8c/","/ریتم-در-موسیقی/","sitemap:post","200","https://sornaz.com/%d8%b1%db%8c%d8%aa%d9%85-%d8%af%d8%b1-%d9%85%d9%88%d8%b3%db%8c%d9%82%db%8c/","https://sornaz.com/%d8%b1%db%8c%d8%aa%d9%85-%d8%af%d8%b1-%d9%85%d9%88%d8%b3%db%8c%d9%82%db%8c/","ریتم در موسیقی به چه معناست؟ چرا ریتم یا ضرب آهنگ مهمترین عنصر موسیقی است؟ - سُرناز","text/html; charset=UTF-8","","","301","pending"
"https://sornaz.com/%d8%b2%d9%86%d8%af%da%af%db%8c%d9%86%d8%a7%d9%85%d9%87-%d8%b9%d9%84%db%8c-%d8%a7%da%a9%d8%a8%d8%b1-%d8%b4%d9%87%d9%86%d8%a7%d8%b2%db%8c/","/زندگینامه-علی-اکبر-شهنازی/","sitemap:post","200","https://sornaz.com/%d8%b2%d9%86%d8%af%da%af%db%8c%d9%86%d8%a7%d9%85%d9%87-%d8%b9%d9%84%db%8c-%d8%a7%da%a9%d8%a8%d8%b1-%d8%b4%d9%87%d9%86%d8%a7%d8%b2%db%8c/","https://sornaz.com/%d8%b2%d9%86%d8%af%da%af%db%8c%d9%86%d8%a7%d9%85%d9%87-%d8%b9%d9%84%db%8c-%d8%a7%da%a9%d8%a8%d8%b1-%d8%b4%d9%87%d9%86%d8%a7%d8%b2%db%8c/","زندگینامه علی اکبر شهنازی - سُرناز","text/html; charset=UTF-8","","","301","pending"
"https://sornaz.com/%d8%b3%d8%a8%d8%af-%d8%ae%d8%b1%db%8c%d8%af/","/سبد-خرید/","sitemap:page","200","https://sornaz.com/%d8%b3%d8%a8%d8%af-%d8%ae%d8%b1%db%8c%d8%af/","https://sornaz.com/%d8%b3%d8%a8%d8%af-%d8%ae%d8%b1%db%8c%d8%af/","سبد خرید - سُرناز","text/html; charset=UTF-8","","","301","pending"
"https://sornaz.com/%d8%b3%db%8c%d8%af-%d8%ad%d8%b3%db%8c%d9%86-%d8%b7%d8%a7%d9%87%d8%b1%d8%b2%d8%a7%d8%af%d9%87/","/سید-حسین-طاهرزاده/","sitemap:post","200","https://sornaz.com/%d8%b3%db%8c%d8%af-%d8%ad%d8%b3%db%8c%d9%86-%d8%b7%d8%a7%d9%87%d8%b1%d8%b2%d8%a7%d8%af%d9%87/","https://sornaz.com/%d8%b3%db%8c%d8%af-%d8%ad%d8%b3%db%8c%d9%86-%d8%b7%d8%a7%d9%87%d8%b1%d8%b2%d8%a7%d8%af%d9%87/","سید حسین طاهرزاده - سُرناز","text/html; charset=UTF-8","","","301","pending"
"https://sornaz.com/%d8%b3%db%8c%d8%af-%d8%b1%d8%ad%db%8c%d9%85-%d8%a7%d8%b5%d9%81%d9%87%d8%a7%d9%86%db%8c/","/سید-رحیم-اصفهانی/","sitemap:post","200","https://sornaz.com/%d8%b3%db%8c%d8%af-%d8%b1%d8%ad%db%8c%d9%85-%d8%a7%d8%b5%d9%81%d9%87%d8%a7%d9%86%db%8c/","https://sornaz.com/%d8%b3%db%8c%d8%af-%d8%b1%d8%ad%db%8c%d9%85-%d8%a7%d8%b5%d9%81%d9%87%d8%a7%d9%86%db%8c/","سید رحیم اصفهانی - سُرناز","text/html; charset=UTF-8","","","301","pending"
"https://sornaz.com/%d8%b4%d9%87%d8%b1%d8%a7%d9%85-%d9%86%d8%a7%d8%b8%d8%b1%db%8c/","/شهرام-ناظری/","sitemap:post","200","https://sornaz.com/%d8%b4%d9%87%d8%b1%d8%a7%d9%85-%d9%86%d8%a7%d8%b8%d8%b1%db%8c/","https://sornaz.com/%d8%b4%d9%87%d8%b1%d8%a7%d9%85-%d9%86%d8%a7%d8%b8%d8%b1%db%8c/","شهرام ناظری، شوالیه موسیقی - سُرناز","text/html; charset=UTF-8","","","301","pending"
"https://sornaz.com/%d8%b6%d8%b1%d8%a8%db%8c-%d8%a2%d9%88%d8%a7%d8%b2%db%8c%da%a9/","/ضربی-آوازیک/","sitemap:post","200","https://sornaz.com/%d8%b6%d8%b1%d8%a8%db%8c-%d8%a2%d9%88%d8%a7%d8%b2%db%8c%da%a9/","https://sornaz.com/%d8%b6%d8%b1%d8%a8%db%8c-%d8%a2%d9%88%d8%a7%d8%b2%db%8c%da%a9/","فرم ضربی آوازیک در موسیقی ایران - سُرناز","text/html; charset=UTF-8","","","301","pending"
"https://sornaz.com/%d8%b6%d8%b1%d8%a8%db%8c-%d8%b3%d8%a7%d8%b2%db%8c%da%a9/","/ضربی-سازیک/","sitemap:post","200","https://sornaz.com/%d8%b6%d8%b1%d8%a8%db%8c-%d8%b3%d8%a7%d8%b2%db%8c%da%a9/","https://sornaz.com/%d8%b6%d8%b1%d8%a8%db%8c-%d8%b3%d8%a7%d8%b2%db%8c%da%a9/","فرم ضربی سازیک در موسیقی ایران - سُرناز","text/html; charset=UTF-8","","","301","pending"
"https://sornaz.com/%d8%b9%d8%a7%d8%b1%d9%81-%d9%82%d8%b2%d9%88%db%8c%d9%86%db%8c/","/عارف-قزوینی/","sitemap:post","200","https://sornaz.com/%d8%b9%d8%a7%d8%b1%d9%81-%d9%82%d8%b2%d9%88%db%8c%d9%86%db%8c/","https://sornaz.com/%d8%b9%d8%a7%d8%b1%d9%81-%d9%82%d8%b2%d9%88%db%8c%d9%86%db%8c/","زندگینامه عارف قزوینی | تصنیف سُرای چیره دست - سُرناز","text/html; charset=UTF-8","","","301","pending"
"https://sornaz.com/%d8%b9%d8%a8%d8%af%d8%a7%d9%84%d8%ad%d8%b3%db%8c%d9%86-%d8%b4%d9%87%d9%86%d8%a7%d8%b2%db%8c/","/عبدالحسین-شهنازی/","sitemap:post","200","https://sornaz.com/%d8%b9%d8%a8%d8%af%d8%a7%d9%84%d8%ad%d8%b3%db%8c%d9%86-%d8%b4%d9%87%d9%86%d8%a7%d8%b2%db%8c/","https://sornaz.com/%d8%b9%d8%a8%d8%af%d8%a7%d9%84%d8%ad%d8%b3%db%8c%d9%86-%d8%b4%d9%87%d9%86%d8%a7%d8%b2%db%8c/","عبدالحسین شهنازی - سُرناز","text/html; charset=UTF-8","","","301","pending"
"https://sornaz.com/%d8%b9%d8%a8%d8%af%d8%a7%d9%84%d9%84%d9%87-%d8%af%d9%88%d8%a7%d9%85%db%8c/","/عبدالله-دوامی/","sitemap:post","200","https://sornaz.com/%d8%b9%d8%a8%d8%af%d8%a7%d9%84%d9%84%d9%87-%d8%af%d9%88%d8%a7%d9%85%db%8c/","https://sornaz.com/%d8%b9%d8%a8%d8%af%d8%a7%d9%84%d9%84%d9%87-%d8%af%d9%88%d8%a7%d9%85%db%8c/","عبدالله دوامی - سُرناز","text/html; charset=UTF-8","","","301","pending"
"https://sornaz.com/%d8%b9%d9%84%db%8c-%d9%86%d9%82%db%8c-%d9%88%d8%b2%db%8c%d8%b1%db%8c/","/علی-نقی-وزیری/","sitemap:post","200","https://sornaz.com/%d8%b9%d9%84%db%8c-%d9%86%d9%82%db%8c-%d9%88%d8%b2%db%8c%d8%b1%db%8c/","https://sornaz.com/%d8%b9%d9%84%db%8c-%d9%86%d9%82%db%8c-%d9%88%d8%b2%db%8c%d8%b1%db%8c/","علی نقی وزیری، آهنگساز و نوازنده نوگرای موسیقی ایران و خالق نظریه گام 24 قسمتی - سُرناز","text/html; charset=UTF-8","","","301","pending"
"https://sornaz.com/%d8%ba%d9%84%d8%a7%d9%85%d8%ad%d8%b3%db%8c%d9%86-%d8%a8%d9%86%d8%a7%d9%86/","/غلامحسین-بنان/","sitemap:post","200","https://sornaz.com/%d8%ba%d9%84%d8%a7%d9%85%d8%ad%d8%b3%db%8c%d9%86-%d8%a8%d9%86%d8%a7%d9%86/","https://sornaz.com/%d8%ba%d9%84%d8%a7%d9%85%d8%ad%d8%b3%db%8c%d9%86-%d8%a8%d9%86%d8%a7%d9%86/","غلامحسین بنان، خواننده تاثیرگذار موسیقی ایران - سُرناز","text/html; charset=UTF-8","","","301","pending"
"https://sornaz.com/%d8%ba%d9%84%d8%a7%d9%85%d8%ad%d8%b3%db%8c%d9%86-%d8%af%d8%b1%d9%88%db%8c%d8%b4/","/غلامحسین-درویش/","sitemap:post","200","https://sornaz.com/%d8%ba%d9%84%d8%a7%d9%85%d8%ad%d8%b3%db%8c%d9%86-%d8%af%d8%b1%d9%88%db%8c%d8%b4/","https://sornaz.com/%d8%ba%d9%84%d8%a7%d9%85%d8%ad%d8%b3%db%8c%d9%86-%d8%af%d8%b1%d9%88%db%8c%d8%b4/","زندگینامه غلامحسین درویش معروف به درویش خان از نوآوران موسیقی ایران - سُرناز","text/html; charset=UTF-8","","","301","pending"
"https://sornaz.com/%d9%81%d8%a7%d8%b5%d9%84%d9%87-%d9%85%d9%88%d8%b3%db%8c%d9%82%d8%a7%db%8c%db%8c-%d8%a8%d9%87-%da%86%d9%87-%d9%85%d8%b9%d9%86%d8%a7%d8%b3%d8%aa%d8%9f/","/فاصله-موسیقایی-به-چه-معناست؟/","discovered-link","200","https://sornaz.com/%d9%81%d8%a7%d8%b5%d9%84%d9%87-%d9%85%d9%88%d8%b3%db%8c%d9%82%d8%a7%db%8c%db%8c/","https://sornaz.com/%d9%81%d8%a7%d8%b5%d9%84%d9%87-%d9%85%d9%88%d8%b3%db%8c%d9%82%d8%a7%db%8c%db%8c/","فاصله موسیقایی به چه معناست؟ فاصله میان 2 نت را چگونه حساب می کنند؟ - سُرناز","text/html; charset=UTF-8","","","301","pending"
"https://sornaz.com/%d9%81%d8%a7%d8%b5%d9%84%d9%87-%d9%85%d9%88%d8%b3%db%8c%d9%82%d8%a7%db%8c%db%8c/","/فاصله-موسیقایی/","sitemap:post","200","https://sornaz.com/%d9%81%d8%a7%d8%b5%d9%84%d9%87-%d9%85%d9%88%d8%b3%db%8c%d9%82%d8%a7%db%8c%db%8c/","https://sornaz.com/%d9%81%d8%a7%d8%b5%d9%84%d9%87-%d9%85%d9%88%d8%b3%db%8c%d9%82%d8%a7%db%8c%db%8c/","فاصله موسیقایی به چه معناست؟ فاصله میان 2 نت را چگونه حساب می کنند؟ - سُرناز","text/html; charset=UTF-8","","","301","pending"
"https://sornaz.com/%d9%81%d8%b1%d9%85-%d8%a2%d9%88%d8%a7%d8%b2/","/فرم-آواز/","sitemap:post","200","https://sornaz.com/%d9%81%d8%b1%d9%85-%d8%a2%d9%88%d8%a7%d8%b2/","https://sornaz.com/%d9%81%d8%b1%d9%85-%d8%a2%d9%88%d8%a7%d8%b2/","فرم آواز به عنوان مهم ترین گونه در موسیقی ایران چگونه است؟ - سُرناز","text/html; charset=UTF-8","","","301","pending"
"https://sornaz.com/%d9%81%d8%b1%d9%85-%d8%aa%d8%b5%d9%86%db%8c%d9%81/","/فرم-تصنیف/","sitemap:post","200","https://sornaz.com/%d9%81%d8%b1%d9%85-%d8%aa%d8%b5%d9%86%db%8c%d9%81/","https://sornaz.com/%d9%81%d8%b1%d9%85-%d8%aa%d8%b5%d9%86%db%8c%d9%81/","فرم تصنیف در موسیقی ایران چگونه است؟ - سُرناز","text/html; charset=UTF-8","","","301","pending"
"https://sornaz.com/%d9%81%d8%b1%d9%85-%d8%af%d8%b1-%d9%85%d9%88%d8%b3%db%8c%d9%82%db%8c/","/فرم-در-موسیقی/","sitemap:post","200","https://sornaz.com/%d9%81%d8%b1%d9%85-%d8%af%d8%b1-%d9%85%d9%88%d8%b3%db%8c%d9%82%db%8c/","https://sornaz.com/%d9%81%d8%b1%d9%85-%d8%af%d8%b1-%d9%85%d9%88%d8%b3%db%8c%d9%82%db%8c/","مفهوم فرم در موسیقی - سُرناز","text/html; charset=UTF-8","","","301","pending"
"https://sornaz.com/%d9%81%d8%b1%d9%85-%d9%be%db%8c%d8%b4-%d8%af%d8%b1%d8%a2%d9%85%d8%af/","/فرم-پیش-درآمد/","sitemap:post","200","https://sornaz.com/%d9%81%d8%b1%d9%85-%d9%be%db%8c%d8%b4-%d8%af%d8%b1%d8%a2%d9%85%d8%af/","https://sornaz.com/%d9%81%d8%b1%d9%85-%d9%be%db%8c%d8%b4-%d8%af%d8%b1%d8%a2%d9%85%d8%af/","فرم پیش درآمد در موسیقی ایران چگونه است؟ - سُرناز","text/html; charset=UTF-8","","","301","pending"
"https://sornaz.com/%d9%81%d8%b1%d9%85-%da%a9%d8%a7%d8%b1-%d9%88-%d8%b9%d9%85%d9%84/","/فرم-کار-و-عمل/","sitemap:post","200","https://sornaz.com/%d9%81%d8%b1%d9%85-%da%a9%d8%a7%d8%b1-%d9%88-%d8%b9%d9%85%d9%84/","https://sornaz.com/%d9%81%d8%b1%d9%85-%da%a9%d8%a7%d8%b1-%d9%88-%d8%b9%d9%85%d9%84/","فرم کار و عمل یا کارِ عمل در موسیقی ایرانی - سُرناز","text/html; charset=UTF-8","","","301","pending"
"https://sornaz.com/%d9%81%d8%b1%d9%88%d8%af-%d8%af%d8%b1-%d9%85%d9%88%d8%b3%db%8c%d9%82%db%8c/","/فرود-در-موسیقی/","sitemap:post","200","https://sornaz.com/%d9%81%d8%b1%d9%88%d8%af-%d8%af%d8%b1-%d9%85%d9%88%d8%b3%db%8c%d9%82%db%8c/","https://sornaz.com/%d9%81%d8%b1%d9%88%d8%af-%d8%af%d8%b1-%d9%85%d9%88%d8%b3%db%8c%d9%82%db%8c/","مفهوم فرود در موسیقی ایرانی چیست؟ شباهت ها و تفاوت های فرود و کادانس کدامند؟ - سُرناز","text/html; charset=UTF-8","","","301","pending"
"https://sornaz.com/%d9%81%d8%b1%d9%88%d8%b4%da%af%d8%a7%d9%87/","/فروشگاه/","sitemap:page","200","https://sornaz.com/%d9%81%d8%b1%d9%88%d8%b4%da%af%d8%a7%d9%87/","https://sornaz.com/%d9%81%d8%b1%d9%88%d8%b4%da%af%d8%a7%d9%87/","فروشگاه - سُرناز","text/html; charset=UTF-8","","","301","pending"
"https://sornaz.com/%d9%82%d8%b7%d8%b9%d9%87/","/قطعه/","sitemap:post","200","https://sornaz.com/%d9%82%d8%b7%d8%b9%d9%87/","https://sornaz.com/%d9%82%d8%b7%d8%b9%d9%87/","مفهوم قطعه در موسیقی ایرانی - سُرناز","text/html; charset=UTF-8","","","301","pending"
"https://sornaz.com/%d9%82%d9%85%d8%b1%d8%a7%d9%84%d9%85%d9%84%d9%88%da%a9-%d9%88%d8%b2%db%8c%d8%b1%db%8c/","/قمرالملوک-وزیری/","sitemap:post","200","https://sornaz.com/%d9%82%d9%85%d8%b1%d8%a7%d9%84%d9%85%d9%84%d9%88%da%a9-%d9%88%d8%b2%db%8c%d8%b1%db%8c/","https://sornaz.com/%d9%82%d9%85%d8%b1%d8%a7%d9%84%d9%85%d9%84%d9%88%da%a9-%d9%88%d8%b2%db%8c%d8%b1%db%8c/","قمرالملوک وزیری، صدای جاودانه و ماندگار آواز ایران - سُرناز","text/html; charset=UTF-8","","","301","pending"
"https://sornaz.com/%d9%85%d8%ad%d9%85%d8%af%d8%b1%d8%b6%d8%a7-%d8%b4%d8%ac%d8%b1%db%8c%d8%a7%d9%86/","/محمدرضا-شجریان/","sitemap:post","200","https://sornaz.com/%d9%85%d8%ad%d9%85%d8%af%d8%b1%d8%b6%d8%a7-%d8%b4%d8%ac%d8%b1%db%8c%d8%a7%d9%86/","https://sornaz.com/%d9%85%d8%ad%d9%85%d8%af%d8%b1%d8%b6%d8%a7-%d8%b4%d8%ac%d8%b1%db%8c%d8%a7%d9%86/","محمدرضا شجریان، خسروی آواز ایران - سُرناز","text/html; charset=UTF-8","","","301","pending"
"https://sornaz.com/%d9%85%d8%ad%d9%85%d8%af%d8%b1%d8%b6%d8%a7-%d9%84%d8%b7%d9%81%db%8c/","/محمدرضا-لطفی/","sitemap:post","200","https://sornaz.com/%d9%85%d8%ad%d9%85%d8%af%d8%b1%d8%b6%d8%a7-%d9%84%d8%b7%d9%81%db%8c/","https://sornaz.com/%d9%85%d8%ad%d9%85%d8%af%d8%b1%d8%b6%d8%a7-%d9%84%d8%b7%d9%81%db%8c/","زندگینامه و آثار استاد محمدرضا لطفی؛ قلندر موسیقی ایران - سُرناز","text/html; charset=UTF-8","","","301","pending"
"https://sornaz.com/%d9%85%d8%ad%d9%85%d8%af%d8%b5%d8%a7%d8%af%d9%82-%d8%ae%d8%a7%d9%86-%d8%b3%d9%8f%d8%b1%d9%88%d8%b1%d8%a7%d9%84%d9%85%d9%84%da%a9/","/محمدصادق-خان-سُرورالملک/","sitemap:post","200","https://sornaz.com/%d9%85%d8%ad%d9%85%d8%af%d8%b5%d8%a7%d8%af%d9%82-%d8%ae%d8%a7%d9%86-%d8%b3%d9%8f%d8%b1%d9%88%d8%b1%d8%a7%d9%84%d9%85%d9%84%da%a9/","https://sornaz.com/%d9%85%d8%ad%d9%85%d8%af%d8%b5%d8%a7%d8%af%d9%82-%d8%ae%d8%a7%d9%86-%d8%b3%d9%8f%d8%b1%d9%88%d8%b1%d8%a7%d9%84%d9%85%d9%84%da%a9/","محمدصادق خان سُرورالملک، نوازنده سنتور دوره ناصری - سُرناز","text/html; charset=UTF-8","","","301","pending"
"https://sornaz.com/%d9%85%d8%ad%d9%85%d8%af%d8%b9%d9%84%db%8c-%d8%a7%d9%85%db%8c%d8%b1%d8%ac%d8%a7%d9%87%d8%af/","/محمدعلی-امیرجاهد/","sitemap:post","200","https://sornaz.com/%d9%85%d8%ad%d9%85%d8%af%d8%b9%d9%84%db%8c-%d8%a7%d9%85%db%8c%d8%b1%d8%ac%d8%a7%d9%87%d8%af/","https://sornaz.com/%d9%85%d8%ad%d9%85%d8%af%d8%b9%d9%84%db%8c-%d8%a7%d9%85%db%8c%d8%b1%d8%ac%d8%a7%d9%87%d8%af/","محمدعلی امیرجاهد، شاعر و تصنیف سُرای برجسته - سُرناز","text/html; charset=UTF-8","","","301","pending"
"https://sornaz.com/%d9%85%d8%af%d8%b1%d8%b3%d9%87-%d8%b9%d8%a7%d9%84%db%8c-%d9%85%d9%88%d8%b3%db%8c%d9%82%db%8c/","/مدرسه-عالی-موسیقی/","sitemap:post","200","https://sornaz.com/%d9%85%d8%af%d8%b1%d8%b3%d9%87-%d8%b9%d8%a7%d9%84%db%8c-%d9%85%d9%88%d8%b3%db%8c%d9%82%db%8c/","https://sornaz.com/%d9%85%d8%af%d8%b1%d8%b3%d9%87-%d8%b9%d8%a7%d9%84%db%8c-%d9%85%d9%88%d8%b3%db%8c%d9%82%db%8c/","مدرسه عالی موسیقی - سُرناز","text/html; charset=UTF-8","","","301","pending"
"https://sornaz.com/%d9%85%d8%af%d9%87%d8%a7%db%8c-%da%a9%d9%84%db%8c%d8%b3%d8%a7%db%8c%db%8c-%d8%af%d8%b1-%d9%82%d8%b1%d9%88%d9%86-%d9%88%d8%b3%d8%b7%db%8c/","/مدهای-کلیسایی-در-قرون-وسطی/","discovered-link","200","https://sornaz.com/%d9%85%d8%af%d9%87%d8%a7%db%8c-%da%a9%d9%84%db%8c%d8%b3%d8%a7%db%8c%db%8c/","https://sornaz.com/%d9%85%d8%af%d9%87%d8%a7%db%8c-%da%a9%d9%84%db%8c%d8%b3%d8%a7%db%8c%db%8c/","مدهای کلیسایی در قرون وسطی، آشنایی با مدهای 8 گانه و 12 گانه کلیسایی - سُرناز","text/html; charset=UTF-8","","","301","pending"
"https://sornaz.com/%d9%85%d8%af%d9%87%d8%a7%db%8c-%da%a9%d9%84%db%8c%d8%b3%d8%a7%db%8c%db%8c/","/مدهای-کلیسایی/","sitemap:post","200","https://sornaz.com/%d9%85%d8%af%d9%87%d8%a7%db%8c-%da%a9%d9%84%db%8c%d8%b3%d8%a7%db%8c%db%8c/","https://sornaz.com/%d9%85%d8%af%d9%87%d8%a7%db%8c-%da%a9%d9%84%db%8c%d8%b3%d8%a7%db%8c%db%8c/","مدهای کلیسایی در قرون وسطی، آشنایی با مدهای 8 گانه و 12 گانه کلیسایی - سُرناز","text/html; charset=UTF-8","","","301","pending"
"https://sornaz.com/%d9%85%d8%b1%d8%aa%d8%b6%db%8c-%d9%86%db%8c-%d8%af%d8%a7%d9%88%d8%af/","/مرتضی-نی-داود/","sitemap:post","200","https://sornaz.com/%d9%85%d8%b1%d8%aa%d8%b6%db%8c-%d9%86%db%8c-%d8%af%d8%a7%d9%88%d8%af/","https://sornaz.com/%d9%85%d8%b1%d8%aa%d8%b6%db%8c-%d9%86%db%8c-%d8%af%d8%a7%d9%88%d8%af/","مرتضی نی داود،‌تار نواز برجسته، شاگرد درویش خان و استاد قمرالملوک وزیری - سُرناز","text/html; charset=UTF-8","","","301","pending"
"https://sornaz.com/%d9%85%d9%81%d9%87%d9%88%d9%85-%da%af%d8%a7%d9%85-%d9%85%d9%88%d8%b3%db%8c%d9%82%db%8c-%d9%88-%d8%aa%d9%88%d9%86%d8%a7%d9%84%db%8c%d8%aa%d9%87-%da%86%db%8c%d8%b3%d8%aa%d8%9f/","/مفهوم-گام-موسیقی-و-تونالیته-چیست؟/","discovered-link","200","https://sornaz.com/%da%af%d8%a7%d9%85-%d9%85%d9%88%d8%b3%db%8c%d9%82%db%8c-%d9%88-%d8%aa%d9%88%d9%86%d8%a7%d9%84%db%8c%d8%aa%d9%87/","https://sornaz.com/%da%af%d8%a7%d9%85-%d9%85%d9%88%d8%b3%db%8c%d9%82%db%8c-%d9%88-%d8%aa%d9%88%d9%86%d8%a7%d9%84%db%8c%d8%aa%d9%87/","مفهوم گام موسیقی و تونالیته چیست؟ انواع گام ها در موسیقی - سُرناز","text/html; charset=UTF-8","","","301","pending"
"https://sornaz.com/%d9%85%d9%82%d8%a7%d9%84%d9%87-%d9%87%d8%a7/","/مقاله-ها/","sitemap:post","200","https://sornaz.com/%d9%85%d9%82%d8%a7%d9%84%d9%87-%d9%87%d8%a7/","https://sornaz.com/%d9%85%d9%82%d8%a7%d9%84%d9%87-%d9%87%d8%a7/","مقاله ها - سُرناز","text/html; charset=UTF-8","","","301","pending"
"https://sornaz.com/%d9%85%d9%82%d8%a7%d9%84%d9%87-%d9%87%d8%a7/page/10/","/مقاله-ها/page/10/","discovered-link","200","https://sornaz.com/%d9%85%d9%82%d8%a7%d9%84%d9%87-%d9%87%d8%a7/page/10/","https://sornaz.com/%d9%85%d9%82%d8%a7%d9%84%d9%87-%d9%87%d8%a7/page/10/","مقاله ها - سُرناز","text/html; charset=UTF-8","","","301","pending"
"https://sornaz.com/%d9%85%d9%82%d8%a7%d9%84%d9%87-%d9%87%d8%a7/page/11/","/مقاله-ها/page/11/","discovered-link","200","https://sornaz.com/%d9%85%d9%82%d8%a7%d9%84%d9%87-%d9%87%d8%a7/page/11/","https://sornaz.com/%d9%85%d9%82%d8%a7%d9%84%d9%87-%d9%87%d8%a7/page/11/","مقاله ها - سُرناز","text/html; charset=UTF-8","","","301","pending"
"https://sornaz.com/%d9%85%d9%82%d8%a7%d9%84%d9%87-%d9%87%d8%a7/page/12/","/مقاله-ها/page/12/","discovered-link","200","https://sornaz.com/%d9%85%d9%82%d8%a7%d9%84%d9%87-%d9%87%d8%a7/page/12/","https://sornaz.com/%d9%85%d9%82%d8%a7%d9%84%d9%87-%d9%87%d8%a7/page/12/","مقاله ها - سُرناز","text/html; charset=UTF-8","","","301","pending"
"https://sornaz.com/%d9%85%d9%82%d8%a7%d9%84%d9%87-%d9%87%d8%a7/page/13/","/مقاله-ها/page/13/","discovered-link","200","https://sornaz.com/%d9%85%d9%82%d8%a7%d9%84%d9%87-%d9%87%d8%a7/page/13/","https://sornaz.com/%d9%85%d9%82%d8%a7%d9%84%d9%87-%d9%87%d8%a7/page/13/","مقاله ها - سُرناز","text/html; charset=UTF-8","","","301","pending"
"https://sornaz.com/%d9%85%d9%82%d8%a7%d9%84%d9%87-%d9%87%d8%a7/page/2/","/مقاله-ها/page/2/","discovered-link","200","https://sornaz.com/%d9%85%d9%82%d8%a7%d9%84%d9%87-%d9%87%d8%a7/page/2/","https://sornaz.com/%d9%85%d9%82%d8%a7%d9%84%d9%87-%d9%87%d8%a7/page/2/","مقاله ها - سُرناز","text/html; charset=UTF-8","","","301","pending"
"https://sornaz.com/%d9%85%d9%82%d8%a7%d9%84%d9%87-%d9%87%d8%a7/page/3/","/مقاله-ها/page/3/","discovered-link","200","https://sornaz.com/%d9%85%d9%82%d8%a7%d9%84%d9%87-%d9%87%d8%a7/page/3/","https://sornaz.com/%d9%85%d9%82%d8%a7%d9%84%d9%87-%d9%87%d8%a7/page/3/","مقاله ها - سُرناز","text/html; charset=UTF-8","","","301","pending"
"https://sornaz.com/%d9%85%d9%82%d8%a7%d9%84%d9%87-%d9%87%d8%a7/page/4/","/مقاله-ها/page/4/","discovered-link","200","https://sornaz.com/%d9%85%d9%82%d8%a7%d9%84%d9%87-%d9%87%d8%a7/page/4/","https://sornaz.com/%d9%85%d9%82%d8%a7%d9%84%d9%87-%d9%87%d8%a7/page/4/","مقاله ها - سُرناز","text/html; charset=UTF-8","","","301","pending"
"https://sornaz.com/%d9%85%d9%82%d8%a7%d9%84%d9%87-%d9%87%d8%a7/page/5/","/مقاله-ها/page/5/","discovered-link","200","https://sornaz.com/%d9%85%d9%82%d8%a7%d9%84%d9%87-%d9%87%d8%a7/page/5/","https://sornaz.com/%d9%85%d9%82%d8%a7%d9%84%d9%87-%d9%87%d8%a7/page/5/","مقاله ها - سُرناز","text/html; charset=UTF-8","","","301","pending"
"https://sornaz.com/%d9%85%d9%82%d8%a7%d9%84%d9%87-%d9%87%d8%a7/page/6/","/مقاله-ها/page/6/","discovered-link","200","https://sornaz.com/%d9%85%d9%82%d8%a7%d9%84%d9%87-%d9%87%d8%a7/page/6/","https://sornaz.com/%d9%85%d9%82%d8%a7%d9%84%d9%87-%d9%87%d8%a7/page/6/","مقاله ها - سُرناز","text/html; charset=UTF-8","","","301","pending"
"https://sornaz.com/%d9%85%d9%82%d8%a7%d9%84%d9%87-%d9%87%d8%a7/page/7/","/مقاله-ها/page/7/","discovered-link","200","https://sornaz.com/%d9%85%d9%82%d8%a7%d9%84%d9%87-%d9%87%d8%a7/page/7/","https://sornaz.com/%d9%85%d9%82%d8%a7%d9%84%d9%87-%d9%87%d8%a7/page/7/","مقاله ها - سُرناز","text/html; charset=UTF-8","","","301","pending"
"https://sornaz.com/%d9%85%d9%82%d8%a7%d9%84%d9%87-%d9%87%d8%a7/page/8/","/مقاله-ها/page/8/","discovered-link","200","https://sornaz.com/%d9%85%d9%82%d8%a7%d9%84%d9%87-%d9%87%d8%a7/page/8/","https://sornaz.com/%d9%85%d9%82%d8%a7%d9%84%d9%87-%d9%87%d8%a7/page/8/","مقاله ها - سُرناز","text/html; charset=UTF-8","","","301","pending"
"https://sornaz.com/%d9%85%d9%82%d8%a7%d9%84%d9%87-%d9%87%d8%a7/page/9/","/مقاله-ها/page/9/","discovered-link","200","https://sornaz.com/%d9%85%d9%82%d8%a7%d9%84%d9%87-%d9%87%d8%a7/page/9/","https://sornaz.com/%d9%85%d9%82%d8%a7%d9%84%d9%87-%d9%87%d8%a7/page/9/","مقاله ها - سُرناز","text/html; charset=UTF-8","","","301","pending"
"https://sornaz.com/%d9%85%d9%84%d9%88%d8%af%db%8c-%da%86%db%8c%d8%b3%d8%aa%d8%9f/","/ملودی-چیست؟/","discovered-link","200","https://sornaz.com/%d9%85%d9%84%d9%88%d8%af%db%8c/","https://sornaz.com/%d9%85%d9%84%d9%88%d8%af%db%8c/","ملودی چیست؟ چرا ملُودی ها ماندگار می شوند؟ 3 ویژگی اصلی ملودی ها کدامند؟ - سُرناز","text/html; charset=UTF-8","","","301","pending"
"https://sornaz.com/%d9%85%d9%84%d9%88%d8%af%db%8c/","/ملودی/","sitemap:post","200","https://sornaz.com/%d9%85%d9%84%d9%88%d8%af%db%8c/","https://sornaz.com/%d9%85%d9%84%d9%88%d8%af%db%8c/","ملودی چیست؟ چرا ملُودی ها ماندگار می شوند؟ 3 ویژگی اصلی ملودی ها کدامند؟ - سُرناز","text/html; charset=UTF-8","","","301","pending"
"https://sornaz.com/%d9%85%d9%88%d8%aa%db%8c%d9%81-%da%86%db%8c%d8%b3%d8%aa%d8%9f/","/موتیف-چیست؟/","sitemap:post","200","https://sornaz.com/%d9%85%d9%88%d8%aa%db%8c%d9%81-%da%86%db%8c%d8%b3%d8%aa%d8%9f/","https://sornaz.com/%d9%85%d9%88%d8%aa%db%8c%d9%81-%da%86%db%8c%d8%b3%d8%aa%d8%9f/","موتیف چیست؟ سمفونی 5 بتهوون نمونه بارز بسط و گسترش یک موتیف - سُرناز","text/html; charset=UTF-8","","","301","pending"
"https://sornaz.com/%d9%85%d9%88%d8%b2%db%8c%da%a9-%db%8c%d8%a7-%d9%85%d9%88%d8%b3%db%8c%d9%82%db%8c-%da%86%db%8c%d8%b3%d8%aa%d8%9f/","/موزیک-یا-موسیقی-چیست؟/","sitemap:post","200","https://sornaz.com/%d9%85%d9%88%d8%b2%db%8c%da%a9-%db%8c%d8%a7-%d9%85%d9%88%d8%b3%db%8c%d9%82%db%8c-%da%86%db%8c%d8%b3%d8%aa%d8%9f/","https://sornaz.com/%d9%85%d9%88%d8%b2%db%8c%da%a9-%db%8c%d8%a7-%d9%85%d9%88%d8%b3%db%8c%d9%82%db%8c-%da%86%db%8c%d8%b3%d8%aa%d8%9f/","موزیک یا موسیقی چیست؟ هنر موسیقی چگونه به وجود آمد؟ تاریخچه تمدن های مختلف در رابطه با پیدایش موسیقی! موثرترین هنر بین هنرهای 6 گانه برای بیان احساسات و عواطف! - سُرناز","text/html; charset=UTF-8","","","301","pending"
"https://sornaz.com/%d9%85%d9%88%d8%b3%db%8c-%d9%85%d8%b9%d8%b1%d9%88%d9%81%db%8c/","/موسی-معروفی/","sitemap:post","200","https://sornaz.com/%d9%85%d9%88%d8%b3%db%8c-%d9%85%d8%b9%d8%b1%d9%88%d9%81%db%8c/","https://sornaz.com/%d9%85%d9%88%d8%b3%db%8c-%d9%85%d8%b9%d8%b1%d9%88%d9%81%db%8c/","موسی معروفی - سُرناز","text/html; charset=UTF-8","","","301","pending"
"https://sornaz.com/%d9%85%d9%88%d8%b3%db%8c%d9%82%db%8c-%d8%a7%d8%b4%da%a9%d8%a7%d9%86%db%8c%d8%a7%d9%86/","/موسیقی-اشکانیان/","sitemap:post","200","https://sornaz.com/%d9%85%d9%88%d8%b3%db%8c%d9%82%db%8c-%d8%a7%d8%b4%da%a9%d8%a7%d9%86%db%8c%d8%a7%d9%86/","https://sornaz.com/%d9%85%d9%88%d8%b3%db%8c%d9%82%db%8c-%d8%a7%d8%b4%da%a9%d8%a7%d9%86%db%8c%d8%a7%d9%86/","موسیقی اشکانیان | وضعیت موسیقی ایران در دوره حکومت اشکانیان - سُرناز","text/html; charset=UTF-8","","","301","pending"
"https://sornaz.com/%d9%85%d9%88%d8%b3%db%8c%d9%82%db%8c-%d8%a7%db%8c%d8%b1%d8%a7%d9%86-%d8%a8%d8%a7%d8%b3%d8%aa%d8%a7%d9%86/","/موسیقی-ایران-باستان/","sitemap:post","200","https://sornaz.com/%d9%85%d9%88%d8%b3%db%8c%d9%82%db%8c-%d8%a7%db%8c%d8%b1%d8%a7%d9%86-%d8%a8%d8%a7%d8%b3%d8%aa%d8%a7%d9%86/","https://sornaz.com/%d9%85%d9%88%d8%b3%db%8c%d9%82%db%8c-%d8%a7%db%8c%d8%b1%d8%a7%d9%86-%d8%a8%d8%a7%d8%b3%d8%aa%d8%a7%d9%86/","تاریخ موسیقی ایران بخش 2، موسیقی ایران باستان (پیش از اسلام) - سُرناز","text/html; charset=UTF-8","","","301","pending"
"https://sornaz.com/%d9%85%d9%88%d8%b3%db%8c%d9%82%db%8c-%d8%a7%db%8c%d8%b1%d8%a7%d9%86-%d9%be%d8%b3-%d8%a7%d8%b2-%d8%a7%d8%b3%d9%84%d8%a7%d9%85/","/موسیقی-ایران-پس-از-اسلام/","sitemap:post","200","https://sornaz.com/%d9%85%d9%88%d8%b3%db%8c%d9%82%db%8c-%d8%a7%db%8c%d8%b1%d8%a7%d9%86-%d9%be%d8%b3-%d8%a7%d8%b2-%d8%a7%d8%b3%d9%84%d8%a7%d9%85/","https://sornaz.com/%d9%85%d9%88%d8%b3%db%8c%d9%82%db%8c-%d8%a7%db%8c%d8%b1%d8%a7%d9%86-%d9%be%d8%b3-%d8%a7%d8%b2-%d8%a7%d8%b3%d9%84%d8%a7%d9%85/","تاریخ موسیقی ایران بخش 3، موسیقی ایران پس از اسلام - سُرناز","text/html; charset=UTF-8","","","301","pending"
"https://sornaz.com/%d9%85%d9%88%d8%b3%db%8c%d9%82%db%8c-%d8%a7%db%8c%d8%b1%d8%a7%d9%86%db%8c/","/موسیقی-ایرانی/","sitemap:post","200","https://sornaz.com/%d9%85%d9%88%d8%b3%db%8c%d9%82%db%8c-%d8%a7%db%8c%d8%b1%d8%a7%d9%86%db%8c/","https://sornaz.com/%d9%85%d9%88%d8%b3%db%8c%d9%82%db%8c-%d8%a7%db%8c%d8%b1%d8%a7%d9%86%db%8c/","موسیقی ایرانی، تقسیمات و فرم های مختلف آن، 7 دستگاه و 5 آواز و ارتباط آن ها با هم - سُرناز","text/html; charset=UTF-8","","","301","pending"
"https://sornaz.com/%d9%85%d9%88%d8%b3%db%8c%d9%82%db%8c-%d8%a7%db%8c%d8%b1%d8%a7%d9%86%db%8c%d8%8c-%d8%aa%d9%82%d8%b3%db%8c%d9%85%d8%a7%d8%aa-%d9%88-%d9%81%d8%b1%d9%85-%d9%87%d8%a7%db%8c-%d9%85%d8%ae%d8%aa%d9%84%d9%81/","/موسیقی-ایرانی،-تقسیمات-و-فرم-های-مختلف/","discovered-link","200","https://sornaz.com/%d9%85%d9%88%d8%b3%db%8c%d9%82%db%8c-%d8%a7%db%8c%d8%b1%d8%a7%d9%86%db%8c/","https://sornaz.com/%d9%85%d9%88%d8%b3%db%8c%d9%82%db%8c-%d8%a7%db%8c%d8%b1%d8%a7%d9%86%db%8c/","موسیقی ایرانی، تقسیمات و فرم های مختلف آن، 7 دستگاه و 5 آواز و ارتباط آن ها با هم - سُرناز","text/html; charset=UTF-8","","","301","pending"
"https://sornaz.com/%d9%85%d9%88%d8%b3%db%8c%d9%82%db%8c-%d8%a8%d8%b1%d9%86%d8%a7%d9%85%d9%87-%d8%a7%db%8c/","/موسیقی-برنامه-ای/","sitemap:post","200","https://sornaz.com/%d9%85%d9%88%d8%b3%db%8c%d9%82%db%8c-%d8%a8%d8%b1%d9%86%d8%a7%d9%85%d9%87-%d8%a7%db%8c/","https://sornaz.com/%d9%85%d9%88%d8%b3%db%8c%d9%82%db%8c-%d8%a8%d8%b1%d9%86%d8%a7%d9%85%d9%87-%d8%a7%db%8c/","ساختار موسیقی برنامه ای ایرانی چگونه است؟ - سُرناز","text/html; charset=UTF-8","","","301","pending"
"https://sornaz.com/%d9%85%d9%88%d8%b3%db%8c%d9%82%db%8c-%d8%b3%d8%a7%d8%b3%d8%a7%d9%86%db%8c%d8%a7%d9%86/","/موسیقی-ساسانیان/","sitemap:post","200","https://sornaz.com/%d9%85%d9%88%d8%b3%db%8c%d9%82%db%8c-%d8%b3%d8%a7%d8%b3%d8%a7%d9%86%db%8c%d8%a7%d9%86/","https://sornaz.com/%d9%85%d9%88%d8%b3%db%8c%d9%82%db%8c-%d8%b3%d8%a7%d8%b3%d8%a7%d9%86%db%8c%d8%a7%d9%86/","موسیقی ساسانیان | وضعیت موسیقی ایران در دوره حکومت ساسانیان - سُرناز","text/html; charset=UTF-8","","","301","pending"
"https://sornaz.com/%d9%85%d9%88%d8%b3%db%8c%d9%82%db%8c-%d9%87%d8%ae%d8%a7%d9%85%d9%86%d8%b4%db%8c%d8%a7%d9%86/","/موسیقی-هخامنشیان/","sitemap:post","200","https://sornaz.com/%d9%85%d9%88%d8%b3%db%8c%d9%82%db%8c-%d9%87%d8%ae%d8%a7%d9%85%d9%86%d8%b4%db%8c%d8%a7%d9%86/","https://sornaz.com/%d9%85%d9%88%d8%b3%db%8c%d9%82%db%8c-%d9%87%d8%ae%d8%a7%d9%85%d9%86%d8%b4%db%8c%d8%a7%d9%86/","موسیقی هخامنشیان | وضعیت موسیقی ایران در دوره حکومت هخامنشیان - سُرناز","text/html; charset=UTF-8","","","301","pending"
"https://sornaz.com/%d9%85%d9%88%d8%b3%db%8c%d9%82%db%8c-%da%86%db%8c%d8%b3%d8%aa%d8%9f/","/موسیقی-چیست؟/","discovered-link","200","https://sornaz.com/%d9%85%d9%88%d8%b2%db%8c%da%a9-%db%8c%d8%a7-%d9%85%d9%88%d8%b3%db%8c%d9%82%db%8c-%da%86%db%8c%d8%b3%d8%aa%d8%9f/","https://sornaz.com/%d9%85%d9%88%d8%b2%db%8c%da%a9-%db%8c%d8%a7-%d9%85%d9%88%d8%b3%db%8c%d9%82%db%8c-%da%86%db%8c%d8%b3%d8%aa%d8%9f/","موزیک یا موسیقی چیست؟ هنر موسیقی چگونه به وجود آمد؟ تاریخچه تمدن های مختلف در رابطه با پیدایش موسیقی! موثرترین هنر بین هنرهای 6 گانه برای بیان احساسات و عواطف! - سُرناز","text/html; charset=UTF-8","","","301","pending"
"https://sornaz.com/%d9%85%d9%8a%d8%b1%d8%b2%d8%a7-%d8%ad%d8%a8%db%8c%d8%a8-%d8%a7%d9%84%d9%84%d9%87-%d8%b3%d9%85%d8%a7%d8%b9-%d8%ad%d8%b6%d9%88%d8%b1/","/ميرزا-حبیب-الله-سماع-حضور/","sitemap:post","200","https://sornaz.com/%d9%85%d9%8a%d8%b1%d8%b2%d8%a7-%d8%ad%d8%a8%db%8c%d8%a8-%d8%a7%d9%84%d9%84%d9%87-%d8%b3%d9%85%d8%a7%d8%b9-%d8%ad%d8%b6%d9%88%d8%b1/","https://sornaz.com/%d9%85%d9%8a%d8%b1%d8%b2%d8%a7-%d8%ad%d8%a8%db%8c%d8%a8-%d8%a7%d9%84%d9%84%d9%87-%d8%b3%d9%85%d8%a7%d8%b9-%d8%ad%d8%b6%d9%88%d8%b1/","ميرزا حبیب الله سماع حضور، نوازنده سنتور دوره ناصری - سُرناز","text/html; charset=UTF-8","","","301","pending"
"https://sornaz.com/%d9%85%da%a9%d8%aa%d8%a8-%d9%87%d8%a7%db%8c-%d9%85%d9%88%d8%b3%db%8c%d9%82%db%8c-%d8%a7%db%8c%d8%b1%d8%a7%d9%86/","/مکتب-های-موسیقی-ایران/","sitemap:post","200","https://sornaz.com/%d9%85%da%a9%d8%aa%d8%a8-%d9%87%d8%a7%db%8c-%d9%85%d9%88%d8%b3%db%8c%d9%82%db%8c-%d8%a7%db%8c%d8%b1%d8%a7%d9%86/","https://sornaz.com/%d9%85%da%a9%d8%aa%d8%a8-%d9%87%d8%a7%db%8c-%d9%85%d9%88%d8%b3%db%8c%d9%82%db%8c-%d8%a7%db%8c%d8%b1%d8%a7%d9%86/","مکتب های موسیقی ایران | بررسی مکتب اصفهان و مکتب تهران به عنوان 2 مکتب اصلی ردیف موسیقی ایران - سُرناز","text/html; charset=UTF-8","","","301","pending"
"https://sornaz.com/%d9%85%db%8c%d8%b1%d8%b2%d8%a7%d8%b9%d8%a8%d8%af%d8%a7%d9%84%d9%84%d9%87/","/میرزاعبدالله/","sitemap:post","200","https://sornaz.com/%d9%85%db%8c%d8%b1%d8%b2%d8%a7%d8%b9%d8%a8%d8%af%d8%a7%d9%84%d9%84%d9%87/","https://sornaz.com/%d9%85%db%8c%d8%b1%d8%b2%d8%a7%d8%b9%d8%a8%d8%af%d8%a7%d9%84%d9%84%d9%87/","میرزاعبدالله، صاحب متداول ترین روایت از ردیف موسیقی ایران - سُرناز","text/html; charset=UTF-8","","","301","pending"
"https://sornaz.com/%d9%86%d8%a7%db%8c%d8%a8-%d8%a7%d8%b3%d8%af%d8%a7%d9%84%d9%84%d9%87-%d8%ae%d8%a7%d9%86/","/نایب-اسدالله-خان/","sitemap:post","200","https://sornaz.com/%d9%86%d8%a7%db%8c%d8%a8-%d8%a7%d8%b3%d8%af%d8%a7%d9%84%d9%84%d9%87-%d8%ae%d8%a7%d9%86/","https://sornaz.com/%d9%86%d8%a7%db%8c%d8%a8-%d8%a7%d8%b3%d8%af%d8%a7%d9%84%d9%84%d9%87-%d8%ae%d8%a7%d9%86/","نایب اسدالله خان، نوازنده نی دوره قاجار - سُرناز","text/html; charset=UTF-8","","","301","pending"
"https://sornaz.com/%d9%87%d8%a7%d8%b1%d9%85%d9%88%d9%86%db%8c-%da%86%db%8c%d8%b3%d8%aa%d8%9f/","/هارمونی-چیست؟/","discovered-link","200","https://sornaz.com/%d9%87%d8%a7%d8%b1%d9%85%d9%88%d9%86%db%8c/","https://sornaz.com/%d9%87%d8%a7%d8%b1%d9%85%d9%88%d9%86%db%8c/","هارمونی چیست؟ چرا باید برای حرفه ای شدن هارمونی یاد بگیریم؟ 2 روش مهم در هم صدایی موسیقی - سُرناز","text/html; charset=UTF-8","","","301","pending"
"https://sornaz.com/%d9%87%d8%a7%d8%b1%d9%85%d9%88%d9%86%db%8c/","/هارمونی/","sitemap:post","200","https://sornaz.com/%d9%87%d8%a7%d8%b1%d9%85%d9%88%d9%86%db%8c/","https://sornaz.com/%d9%87%d8%a7%d8%b1%d9%85%d9%88%d9%86%db%8c/","هارمونی چیست؟ چرا باید برای حرفه ای شدن هارمونی یاد بگیریم؟ 2 روش مهم در هم صدایی موسیقی - سُرناز","text/html; charset=UTF-8","","","301","pending"
"https://sornaz.com/%d9%88%d8%b2%d9%86-%d8%ae%d9%88%d8%a7%d9%86%db%8c/","/وزن-خوانی/","sitemap:post","200","https://sornaz.com/%d9%88%d8%b2%d9%86-%d8%ae%d9%88%d8%a7%d9%86%db%8c/","https://sornaz.com/%d9%88%d8%b2%d9%86-%d8%ae%d9%88%d8%a7%d9%86%db%8c/","وزن و وزن خوانی در موسیقی به چه معناست؟ و چرا باید وزن خوانی را یاد بگیریم؟ آموزش استفاده از 2 روش مترونوم و ضرب پا برای وزن‌خوانی - سُرناز","text/html; charset=UTF-8","","","301","pending"
"https://sornaz.com/%d9%88%db%8c%da%98%da%af%db%8c-%d9%87%d8%a7%db%8c-%d8%b5%d9%88%d8%aa/","/ویژگی-های-صوت/","sitemap:post","200","https://sornaz.com/%d9%88%db%8c%da%98%da%af%db%8c-%d9%87%d8%a7%db%8c-%d8%b5%d9%88%d8%aa/","https://sornaz.com/%d9%88%db%8c%da%98%da%af%db%8c-%d9%87%d8%a7%db%8c-%d8%b5%d9%88%d8%aa/","4 ویژگی اصلی صوت و صدای موسیقایی - سُرناز","text/html; charset=UTF-8","","","301","pending"
"https://sornaz.com/%d9%be%d8%b1%d8%af%d8%a7%d8%ae%d8%aa/","/پرداخت/","sitemap:page","200","https://sornaz.com/%d9%be%d8%b1%d8%af%d8%a7%d8%ae%d8%aa/","https://sornaz.com/%d9%be%d8%b1%d8%af%d8%a7%d8%ae%d8%aa/","پرداخت - سُرناز","text/html; charset=UTF-8","","","301","pending"
"https://sornaz.com/%d9%be%d8%b1%d9%88%db%8c%d8%b2-%d9%85%d8%b4%da%a9%d8%a7%d8%aa%db%8c%d8%a7%d9%86/","/پرویز-مشکاتیان/","sitemap:post","200","https://sornaz.com/%d9%be%d8%b1%d9%88%db%8c%d8%b2-%d9%85%d8%b4%da%a9%d8%a7%d8%aa%db%8c%d8%a7%d9%86/","https://sornaz.com/%d9%be%d8%b1%d9%88%db%8c%d8%b2-%d9%85%d8%b4%da%a9%d8%a7%d8%aa%db%8c%d8%a7%d9%86/","پرویز مشکاتیان، سرو آزاد موسیقی ایران | حضور در 2 گروه عارف و شیدا و کانون چاووش - سُرناز","text/html; charset=UTF-8","","","301","pending"
"https://sornaz.com/%d9%be%d8%b1%db%8c%d9%88%d8%af/","/پریود/","sitemap:post","200","https://sornaz.com/%d9%be%d8%b1%db%8c%d9%88%d8%af/","https://sornaz.com/%d9%be%d8%b1%db%8c%d9%88%d8%af/","پریود در موسیقی چیست؟ 3 پریود پر کاربرد در موسیقی - سُرناز","text/html; charset=UTF-8","","","301","pending"
"https://sornaz.com/%d9%be%db%8c%da%af%db%8c%d8%b1%db%8c-%d8%b3%d9%81%d8%a7%d8%b1%d8%b4/","/پیگیری-سفارش/","sitemap:page","200","https://sornaz.com/%d9%be%db%8c%da%af%db%8c%d8%b1%db%8c-%d8%b3%d9%81%d8%a7%d8%b1%d8%b4/","https://sornaz.com/%d9%be%db%8c%da%af%db%8c%d8%b1%db%8c-%d8%b3%d9%81%d8%a7%d8%b1%d8%b4/","پیگیری سفارش - سُرناز","text/html; charset=UTF-8","","","301","pending"
"https://sornaz.com/%da%86%d9%87%d8%a7%d8%b1%d9%85%d8%b6%d8%b1%d8%a7%d8%a8/","/چهارمضراب/","sitemap:post","200","https://sornaz.com/%da%86%d9%87%d8%a7%d8%b1%d9%85%d8%b6%d8%b1%d8%a7%d8%a8/","https://sornaz.com/%da%86%d9%87%d8%a7%d8%b1%d9%85%d8%b6%d8%b1%d8%a7%d8%a8/","فرم چهارمضراب در موسیقی ایران چگونه است؟ آیا فرم های قدیمی شبیه به چهار مضراب وجود داشت؟ - سُرناز","text/html; charset=UTF-8","","","301","pending"
"https://sornaz.com/%da%a9%d8%a7%d8%af%d8%a7%d9%86%d8%b3/","/کادانس/","sitemap:post","200","https://sornaz.com/%da%a9%d8%a7%d8%af%d8%a7%d9%86%d8%b3/","https://sornaz.com/%da%a9%d8%a7%d8%af%d8%a7%d9%86%d8%b3/","کادانس چیست؟ کاربرد انواع کادانس ها در موسیقی - سُرناز","text/html; charset=UTF-8","","","301","pending"
"https://sornaz.com/%da%a9%db%8c%d9%87%d8%a7%d9%86-%da%a9%d9%84%d9%87%d8%b1/","/کیهان-کلهر/","sitemap:post","200","https://sornaz.com/%da%a9%db%8c%d9%87%d8%a7%d9%86-%da%a9%d9%84%d9%87%d8%b1/","https://sornaz.com/%da%a9%db%8c%d9%87%d8%a7%d9%86-%da%a9%d9%84%d9%87%d8%b1/","زندگینامه کیهان کلهر، کمانچه نواز و موسیقی دان برجسته ایرانی - سُرناز","text/html; charset=UTF-8","","","301","pending"
"https://sornaz.com/%da%af%d8%a7%d9%85-%d9%85%d8%a7%da%98%d9%88%d8%b1/","/گام-ماژور/","sitemap:post","200","https://sornaz.com/%da%af%d8%a7%d9%85-%d9%85%d8%a7%da%98%d9%88%d8%b1/","https://sornaz.com/%da%af%d8%a7%d9%85-%d9%85%d8%a7%da%98%d9%88%d8%b1/","گام ماژور، علائم سرکلید و تشخیص انواع گام، تفاوت 3 نوع متفاوت گام - سُرناز","text/html; charset=UTF-8","","","301","pending"
"https://sornaz.com/%da%af%d8%a7%d9%85-%d9%85%d9%88%d8%b3%db%8c%d9%82%db%8c-%d9%88-%d8%aa%d9%88%d9%86%d8%a7%d9%84%db%8c%d8%aa%d9%87/","/گام-موسیقی-و-تونالیته/","sitemap:post","200","https://sornaz.com/%da%af%d8%a7%d9%85-%d9%85%d9%88%d8%b3%db%8c%d9%82%db%8c-%d9%88-%d8%aa%d9%88%d9%86%d8%a7%d9%84%db%8c%d8%aa%d9%87/","https://sornaz.com/%da%af%d8%a7%d9%85-%d9%85%d9%88%d8%b3%db%8c%d9%82%db%8c-%d9%88-%d8%aa%d9%88%d9%86%d8%a7%d9%84%db%8c%d8%aa%d9%87/","مفهوم گام موسیقی و تونالیته چیست؟ انواع گام ها در موسیقی - سُرناز","text/html; charset=UTF-8","","","301","pending"
"https://sornaz.com/%da%af%d8%a7%d9%85-%d9%85%db%8c%d9%86%d9%88%d8%b1/","/گام-مینور/","sitemap:post","200","https://sornaz.com/%da%af%d8%a7%d9%85-%d9%85%db%8c%d9%86%d9%88%d8%b1/","https://sornaz.com/%da%af%d8%a7%d9%85-%d9%85%db%8c%d9%86%d9%88%d8%b1/","گام مینور، علائم سرکلید و تشخیص انواع گام، تفاوت 3 نوع متفاوت گام مینور - سُرناز","text/html; charset=UTF-8","","","301","pending"
"https://sornaz.com/%da%af%d9%88%d8%b4%d9%87-%d9%87%d8%a7%db%8c-%d8%a2%d9%88%d8%a7%d8%b2-%d8%a7%d8%a8%d9%88%d8%b9%d8%b7%d8%a7/","/گوشه-های-آواز-ابوعطا/","sitemap:post","200","https://sornaz.com/%da%af%d9%88%d8%b4%d9%87-%d9%87%d8%a7%db%8c-%d8%a2%d9%88%d8%a7%d8%b2-%d8%a7%d8%a8%d9%88%d8%b9%d8%b7%d8%a7/","https://sornaz.com/%da%af%d9%88%d8%b4%d9%87-%d9%87%d8%a7%db%8c-%d8%a2%d9%88%d8%a7%d8%b2-%d8%a7%d8%a8%d9%88%d8%b9%d8%b7%d8%a7/","گوشه های آواز ابوعطا | بررسی گوشه های ابوعطا در ردیف های مختلف - سُرناز","text/html; charset=UTF-8","","","301","pending"
"https://sornaz.com/%da%af%d9%88%d8%b4%d9%87-%d9%87%d8%a7%db%8c-%d8%a2%d9%88%d8%a7%d8%b2-%d8%a7%d9%81%d8%b4%d8%a7%d8%b1%db%8c/","/گوشه-های-آواز-افشاری/","sitemap:post","200","https://sornaz.com/%da%af%d9%88%d8%b4%d9%87-%d9%87%d8%a7%db%8c-%d8%a2%d9%88%d8%a7%d8%b2-%d8%a7%d9%81%d8%b4%d8%a7%d8%b1%db%8c/","https://sornaz.com/%da%af%d9%88%d8%b4%d9%87-%d9%87%d8%a7%db%8c-%d8%a2%d9%88%d8%a7%d8%b2-%d8%a7%d9%81%d8%b4%d8%a7%d8%b1%db%8c/","گوشه های آواز افشاری | بررسی گوشه های افشاری در ردیف های مختلف - سُرناز","text/html; charset=UTF-8","","","301","pending"
"https://sornaz.com/%da%af%d9%88%d8%b4%d9%87-%d9%87%d8%a7%db%8c-%d8%a2%d9%88%d8%a7%d8%b2-%d8%a8%db%8c%d8%a7%d8%aa-%d8%a7%d8%b5%d9%81%d9%87%d8%a7%d9%86/","/گوشه-های-آواز-بیات-اصفهان/","sitemap:post","200","https://sornaz.com/%da%af%d9%88%d8%b4%d9%87-%d9%87%d8%a7%db%8c-%d8%a2%d9%88%d8%a7%d8%b2-%d8%a8%db%8c%d8%a7%d8%aa-%d8%a7%d8%b5%d9%81%d9%87%d8%a7%d9%86/","https://sornaz.com/%da%af%d9%88%d8%b4%d9%87-%d9%87%d8%a7%db%8c-%d8%a2%d9%88%d8%a7%d8%b2-%d8%a8%db%8c%d8%a7%d8%aa-%d8%a7%d8%b5%d9%81%d9%87%d8%a7%d9%86/","گوشه های آواز بیات اصفهان | بررسی گوشه های بیات اصفهان در ردیف های مختلف - سُرناز","text/html; charset=UTF-8","","","301","pending"
"https://sornaz.com/%da%af%d9%88%d8%b4%d9%87-%d9%87%d8%a7%db%8c-%d8%a2%d9%88%d8%a7%d8%b2-%d8%a8%db%8c%d8%a7%d8%aa-%d8%aa%d8%b1%da%a9/","/گوشه-های-آواز-بیات-ترک/","sitemap:post","200","https://sornaz.com/%da%af%d9%88%d8%b4%d9%87-%d9%87%d8%a7%db%8c-%d8%a2%d9%88%d8%a7%d8%b2-%d8%a8%db%8c%d8%a7%d8%aa-%d8%aa%d8%b1%da%a9/","https://sornaz.com/%da%af%d9%88%d8%b4%d9%87-%d9%87%d8%a7%db%8c-%d8%a2%d9%88%d8%a7%d8%b2-%d8%a8%db%8c%d8%a7%d8%aa-%d8%aa%d8%b1%da%a9/","گوشه های آواز بیات ترک | بررسی گوشه های بیات ترک در ردیف های مختلف - سُرناز","text/html; charset=UTF-8","","","301","pending"
"https://sornaz.com/%da%af%d9%88%d8%b4%d9%87-%d9%87%d8%a7%db%8c-%d8%a2%d9%88%d8%a7%d8%b2-%d8%af%d8%b4%d8%aa%db%8c/","/گوشه-های-آواز-دشتی/","sitemap:post","200","https://sornaz.com/%da%af%d9%88%d8%b4%d9%87-%d9%87%d8%a7%db%8c-%d8%a2%d9%88%d8%a7%d8%b2-%d8%af%d8%b4%d8%aa%db%8c/","https://sornaz.com/%da%af%d9%88%d8%b4%d9%87-%d9%87%d8%a7%db%8c-%d8%a2%d9%88%d8%a7%d8%b2-%d8%af%d8%b4%d8%aa%db%8c/","گوشه های آواز دشتی | بررسی گوشه های دشتی در ردیف های مختلف - سُرناز","text/html; charset=UTF-8","","","301","pending"
"https://sornaz.com/%da%af%d9%88%d8%b4%d9%87-%d9%87%d8%a7%db%8c-%d8%af%d8%b3%d8%aa%da%af%d8%a7%d9%87-%d8%b1%d8%a7%d8%b3%d8%aa-%d9%be%d9%86%d8%ac%da%af%d8%a7%d9%87/","/گوشه-های-دستگاه-راست-پنجگاه/","sitemap:post","200","https://sornaz.com/%da%af%d9%88%d8%b4%d9%87-%d9%87%d8%a7%db%8c-%d8%af%d8%b3%d8%aa%da%af%d8%a7%d9%87-%d8%b1%d8%a7%d8%b3%d8%aa-%d9%be%d9%86%d8%ac%da%af%d8%a7%d9%87/","https://sornaz.com/%da%af%d9%88%d8%b4%d9%87-%d9%87%d8%a7%db%8c-%d8%af%d8%b3%d8%aa%da%af%d8%a7%d9%87-%d8%b1%d8%a7%d8%b3%d8%aa-%d9%be%d9%86%d8%ac%da%af%d8%a7%d9%87/","گوشه های دستگاه راست پنجگاه | بررسی گوشه های راست پنجگاه در ردیف های مختلف - سُرناز","text/html; charset=UTF-8","","","301","pending"
"https://sornaz.com/%da%af%d9%88%d8%b4%d9%87-%d9%87%d8%a7%db%8c-%d8%af%d8%b3%d8%aa%da%af%d8%a7%d9%87-%d8%b3%d9%87-%da%af%d8%a7%d9%87/","/گوشه-های-دستگاه-سه-گاه/","sitemap:post","200","https://sornaz.com/%da%af%d9%88%d8%b4%d9%87-%d9%87%d8%a7%db%8c-%d8%af%d8%b3%d8%aa%da%af%d8%a7%d9%87-%d8%b3%d9%87-%da%af%d8%a7%d9%87/","https://sornaz.com/%da%af%d9%88%d8%b4%d9%87-%d9%87%d8%a7%db%8c-%d8%af%d8%b3%d8%aa%da%af%d8%a7%d9%87-%d8%b3%d9%87-%da%af%d8%a7%d9%87/","گوشه های دستگاه سه گاه | بررسی گوشه های سه گاه در ردیف های مختلف - سُرناز","text/html; charset=UTF-8","","","301","pending"
"https://sornaz.com/%da%af%d9%88%d8%b4%d9%87-%d9%87%d8%a7%db%8c-%d8%af%d8%b3%d8%aa%da%af%d8%a7%d9%87-%d8%b4%d9%88%d8%b1/","/گوشه-های-دستگاه-شور/","sitemap:post","200","https://sornaz.com/%da%af%d9%88%d8%b4%d9%87-%d9%87%d8%a7%db%8c-%d8%af%d8%b3%d8%aa%da%af%d8%a7%d9%87-%d8%b4%d9%88%d8%b1/","https://sornaz.com/%da%af%d9%88%d8%b4%d9%87-%d9%87%d8%a7%db%8c-%d8%af%d8%b3%d8%aa%da%af%d8%a7%d9%87-%d8%b4%d9%88%d8%b1/","گوشه های دستگاه شور | بررسی گوشه های شور در ردیف های مختلف - سُرناز","text/html; charset=UTF-8","","","301","pending"
"https://sornaz.com/%da%af%d9%88%d8%b4%d9%87-%d9%87%d8%a7%db%8c-%d8%af%d8%b3%d8%aa%da%af%d8%a7%d9%87-%d9%85%d8%a7%d9%87%d9%88%d8%b1/","/گوشه-های-دستگاه-ماهور/","sitemap:post","200","https://sornaz.com/%da%af%d9%88%d8%b4%d9%87-%d9%87%d8%a7%db%8c-%d8%af%d8%b3%d8%aa%da%af%d8%a7%d9%87-%d9%85%d8%a7%d9%87%d9%88%d8%b1/","https://sornaz.com/%da%af%d9%88%d8%b4%d9%87-%d9%87%d8%a7%db%8c-%d8%af%d8%b3%d8%aa%da%af%d8%a7%d9%87-%d9%85%d8%a7%d9%87%d9%88%d8%b1/","گوشه های دستگاه ماهور | بررسی گوشه های ماهور در ردیف های مختلف - سُرناز","text/html; charset=UTF-8","","","301","pending"
"https://sornaz.com/%da%af%d9%88%d8%b4%d9%87-%d9%87%d8%a7%db%8c-%d8%af%d8%b3%d8%aa%da%af%d8%a7%d9%87-%d9%86%d9%88%d8%a7/","/گوشه-های-دستگاه-نوا/","sitemap:post","200","https://sornaz.com/%da%af%d9%88%d8%b4%d9%87-%d9%87%d8%a7%db%8c-%d8%af%d8%b3%d8%aa%da%af%d8%a7%d9%87-%d9%86%d9%88%d8%a7/","https://sornaz.com/%da%af%d9%88%d8%b4%d9%87-%d9%87%d8%a7%db%8c-%d8%af%d8%b3%d8%aa%da%af%d8%a7%d9%87-%d9%86%d9%88%d8%a7/","گوشه های دستگاه نوا | بررسی گوشه های نوا در ردیف های مختلف - سُرناز","text/html; charset=UTF-8","","","301","pending"
"https://sornaz.com/%da%af%d9%88%d8%b4%d9%87-%d9%87%d8%a7%db%8c-%d8%af%d8%b3%d8%aa%da%af%d8%a7%d9%87-%d9%87%d9%85%d8%a7%db%8c%d9%88%d9%86/","/گوشه-های-دستگاه-همایون/","sitemap:post","200","https://sornaz.com/%da%af%d9%88%d8%b4%d9%87-%d9%87%d8%a7%db%8c-%d8%af%d8%b3%d8%aa%da%af%d8%a7%d9%87-%d9%87%d9%85%d8%a7%db%8c%d9%88%d9%86/","https://sornaz.com/%da%af%d9%88%d8%b4%d9%87-%d9%87%d8%a7%db%8c-%d8%af%d8%b3%d8%aa%da%af%d8%a7%d9%87-%d9%87%d9%85%d8%a7%db%8c%d9%88%d9%86/","گوشه های دستگاه همایون | بررسی گوشه های همایون در ردیف های مختلف - سُرناز","text/html; charset=UTF-8","","","301","pending"
"https://sornaz.com/%da%af%d9%88%d8%b4%d9%87-%d9%87%d8%a7%db%8c-%d8%af%d8%b3%d8%aa%da%af%d8%a7%d9%87-%da%86%d9%87%d8%a7%d8%b1%da%af%d8%a7%d9%87/","/گوشه-های-دستگاه-چهارگاه/","sitemap:post","200","https://sornaz.com/%da%af%d9%88%d8%b4%d9%87-%d9%87%d8%a7%db%8c-%d8%af%d8%b3%d8%aa%da%af%d8%a7%d9%87-%da%86%d9%87%d8%a7%d8%b1%da%af%d8%a7%d9%87/","https://sornaz.com/%da%af%d9%88%d8%b4%d9%87-%d9%87%d8%a7%db%8c-%d8%af%d8%b3%d8%aa%da%af%d8%a7%d9%87-%da%86%d9%87%d8%a7%d8%b1%da%af%d8%a7%d9%87/","گوشه های دستگاه چهارگاه | بررسی گوشه های چهارگاه در ردیف های مختلف - سُرناز","text/html; charset=UTF-8","","","301","pending"
"https://sornaz.com/4-%d9%88%db%8c%da%98%da%af%db%8c-%d8%a7%d8%b5%d9%84%db%8c-%d8%b5%d8%af%d8%a7%db%8c-%d9%85%d9%88%d8%b3%db%8c%d9%82%d8%a7%db%8c%db%8c-%d9%88-%d8%b5%d9%88%d8%aa/","/4-ویژگی-اصلی-صدای-موسیقایی-و-صوت/","discovered-link","200","https://sornaz.com/%d9%88%db%8c%da%98%da%af%db%8c-%d9%87%d8%a7%db%8c-%d8%b5%d9%88%d8%aa/","https://sornaz.com/%d9%88%db%8c%da%98%da%af%db%8c-%d9%87%d8%a7%db%8c-%d8%b5%d9%88%d8%aa/","4 ویژگی اصلی صوت و صدای موسیقایی - سُرناز","text/html; charset=UTF-8","","","301","pending"
"https://sornaz.com/account/","/account/","sitemap:page","200","https://sornaz.com/account/","https://sornaz.com/account/","حساب کاربری - سُرناز","text/html; charset=UTF-8","","","301","pending"
"https://sornaz.com/author/sornaz/","/author/sornaz/","discovered-link","200","https://sornaz.com/author/sornaz/","https://sornaz.com/author/sornaz/","sornaz - سُرناز","text/html; charset=UTF-8","","","301","pending"
"https://sornaz.com/author/sornaz/page/2/","/author/sornaz/page/2/","discovered-link","200","https://sornaz.com/author/sornaz/page/2/","https://sornaz.com/author/sornaz/page/2/","sornaz - سُرناز - صفحه 2 از 9","text/html; charset=UTF-8","","","301","pending"
"https://sornaz.com/author/sornaz/page/3/","/author/sornaz/page/3/","discovered-link","200","https://sornaz.com/author/sornaz/page/3/","https://sornaz.com/author/sornaz/page/3/","sornaz - سُرناز - صفحه 3 از 9","text/html; charset=UTF-8","","","301","pending"
"https://sornaz.com/author/sornaz/page/4/","/author/sornaz/page/4/","discovered-link","200","https://sornaz.com/author/sornaz/page/4/","https://sornaz.com/author/sornaz/page/4/","sornaz - سُرناز - صفحه 4 از 9","text/html; charset=UTF-8","","","301","pending"
"https://sornaz.com/author/sornaz/page/5/","/author/sornaz/page/5/","discovered-link","200","https://sornaz.com/author/sornaz/page/5/","https://sornaz.com/author/sornaz/page/5/","sornaz - سُرناز - صفحه 5 از 9","text/html; charset=UTF-8","","","301","pending"
"https://sornaz.com/author/sornaz/page/6/","/author/sornaz/page/6/","discovered-link","200","https://sornaz.com/author/sornaz/page/6/","https://sornaz.com/author/sornaz/page/6/","sornaz - سُرناز - صفحه 6 از 9","text/html; charset=UTF-8","","","301","pending"
"https://sornaz.com/author/sornaz/page/7/","/author/sornaz/page/7/","discovered-link","200","https://sornaz.com/author/sornaz/page/7/","https://sornaz.com/author/sornaz/page/7/","sornaz - سُرناز - صفحه 7 از 9","text/html; charset=UTF-8","","","301","pending"
"https://sornaz.com/author/sornaz/page/8/","/author/sornaz/page/8/","discovered-link","200","https://sornaz.com/author/sornaz/page/8/","https://sornaz.com/author/sornaz/page/8/","sornaz - سُرناز - صفحه 8 از 9","text/html; charset=UTF-8","","","301","pending"
"https://sornaz.com/author/sornaz/page/9/","/author/sornaz/page/9/","discovered-link","200","https://sornaz.com/author/sornaz/page/9/","https://sornaz.com/author/sornaz/page/9/","sornaz - سُرناز - صفحه 9 از 9","text/html; charset=UTF-8","","","301","pending"
"https://sornaz.com/author/Yasin%20Mosavi/","/author/Yasin Mosavi/","discovered-link","404","https://sornaz.com/author/Yasin%20Mosavi/","https://sornaz.com/author/Yasin%20Mosavi/","Page Not Found - سُرناز","text/html; charset=UTF-8","","","301","pending"
"https://sornaz.com/category/%d8%aa%d8%a7%d8%b1%db%8c%d8%ae-%d9%85%d9%88%d8%b3%db%8c%d9%82%db%8c/","/category/تاریخ-موسیقی/","sitemap:category","200","https://sornaz.com/category/%d8%aa%d8%a7%d8%b1%db%8c%d8%ae-%d9%85%d9%88%d8%b3%db%8c%d9%82%db%8c/","https://sornaz.com/category/%d8%aa%d8%a7%d8%b1%db%8c%d8%ae-%d9%85%d9%88%d8%b3%db%8c%d9%82%db%8c/","تاریخ موسیقی - سُرناز","text/html; charset=UTF-8","","","301","pending"
"https://sornaz.com/category/%d8%ae%d8%b1%db%8c%d8%af-%d8%b3%d8%a7%d8%b2/","/category/خرید-ساز/","sitemap:category","200","https://sornaz.com/category/%d8%ae%d8%b1%db%8c%d8%af-%d8%b3%d8%a7%d8%b2/","https://sornaz.com/category/%d8%ae%d8%b1%db%8c%d8%af-%d8%b3%d8%a7%d8%b2/","خرید ساز - سُرناز","text/html; charset=UTF-8","","","301","pending"
"https://sornaz.com/category/%d8%ae%d8%b1%db%8c%d8%af-%d8%b3%d8%a7%d8%b2/page/2/","/category/خرید-ساز/page/2/","discovered-link","200","https://sornaz.com/category/%d8%ae%d8%b1%db%8c%d8%af-%d8%b3%d8%a7%d8%b2/page/2/","https://sornaz.com/category/%d8%ae%d8%b1%db%8c%d8%af-%d8%b3%d8%a7%d8%b2/page/2/","خرید ساز - سُرناز","text/html; charset=UTF-8","","","301","pending"
"https://sornaz.com/category/%d8%b2%d9%86%d8%af%da%af%db%8c%d9%86%d8%a7%d9%85%d9%87-%d9%85%d9%88%d8%b3%db%8c%d9%82%db%8c-%d8%af%d8%a7%d9%86%d8%a7%d9%86/","/category/زندگینامه-موسیقی-دانان/","sitemap:category","200","https://sornaz.com/category/%d8%b2%d9%86%d8%af%da%af%db%8c%d9%86%d8%a7%d9%85%d9%87-%d9%85%d9%88%d8%b3%db%8c%d9%82%db%8c-%d8%af%d8%a7%d9%86%d8%a7%d9%86/","https://sornaz.com/category/%d8%b2%d9%86%d8%af%da%af%db%8c%d9%86%d8%a7%d9%85%d9%87-%d9%85%d9%88%d8%b3%db%8c%d9%82%db%8c-%d8%af%d8%a7%d9%86%d8%a7%d9%86/","زندگینامه موسیقی دانان - سُرناز","text/html; charset=UTF-8","","","301","pending"
"https://sornaz.com/category/%D8%B2%D9%86%D8%AF%DA%AF%DB%8C%D9%86%D8%A7%D9%85%D9%87-%D9%85%D9%88%D8%B3%DB%8C%D9%82%DB%8C-%D8%AF%D8%A7%D9%86%D8%A7%D9%86/","/category/زندگینامه-موسیقی-دانان/","discovered-link","200","https://sornaz.com/category/%D8%B2%D9%86%D8%AF%DA%AF%DB%8C%D9%86%D8%A7%D9%85%D9%87-%D9%85%D9%88%D8%B3%DB%8C%D9%82%DB%8C-%D8%AF%D8%A7%D9%86%D8%A7%D9%86/","https://sornaz.com/category/%d8%b2%d9%86%d8%af%da%af%db%8c%d9%86%d8%a7%d9%85%d9%87-%d9%85%d9%88%d8%b3%db%8c%d9%82%db%8c-%d8%af%d8%a7%d9%86%d8%a7%d9%86/","زندگینامه موسیقی دانان - سُرناز","text/html; charset=UTF-8","","","301","pending"
"https://sornaz.com/category/%d8%b2%d9%86%d8%af%da%af%db%8c%d9%86%d8%a7%d9%85%d9%87-%d9%85%d9%88%d8%b3%db%8c%d9%82%db%8c-%d8%af%d8%a7%d9%86%d8%a7%d9%86/page/2/","/category/زندگینامه-موسیقی-دانان/page/2/","discovered-link","200","https://sornaz.com/category/%d8%b2%d9%86%d8%af%da%af%db%8c%d9%86%d8%a7%d9%85%d9%87-%d9%85%d9%88%d8%b3%db%8c%d9%82%db%8c-%d8%af%d8%a7%d9%86%d8%a7%d9%86/page/2/","https://sornaz.com/category/%d8%b2%d9%86%d8%af%da%af%db%8c%d9%86%d8%a7%d9%85%d9%87-%d9%85%d9%88%d8%b3%db%8c%d9%82%db%8c-%d8%af%d8%a7%d9%86%d8%a7%d9%86/page/2/","زندگینامه موسیقی دانان - سُرناز","text/html; charset=UTF-8","","","301","pending"
"https://sornaz.com/category/%D8%B2%D9%86%D8%AF%DA%AF%DB%8C%D9%86%D8%A7%D9%85%D9%87-%D9%85%D9%88%D8%B3%DB%8C%D9%82%DB%8C-%D8%AF%D8%A7%D9%86%D8%A7%D9%86/page/2/","/category/زندگینامه-موسیقی-دانان/page/2/","discovered-link","200","https://sornaz.com/category/%D8%B2%D9%86%D8%AF%DA%AF%DB%8C%D9%86%D8%A7%D9%85%D9%87-%D9%85%D9%88%D8%B3%DB%8C%D9%82%DB%8C-%D8%AF%D8%A7%D9%86%D8%A7%D9%86/page/2/","https://sornaz.com/category/%d8%b2%d9%86%d8%af%da%af%db%8c%d9%86%d8%a7%d9%85%d9%87-%d9%85%d9%88%d8%b3%db%8c%d9%82%db%8c-%d8%af%d8%a7%d9%86%d8%a7%d9%86/page/2/","زندگینامه موسیقی دانان - سُرناز","text/html; charset=UTF-8","","","301","pending"
"https://sornaz.com/category/%d8%b2%d9%86%d8%af%da%af%db%8c%d9%86%d8%a7%d9%85%d9%87-%d9%85%d9%88%d8%b3%db%8c%d9%82%db%8c-%d8%af%d8%a7%d9%86%d8%a7%d9%86/page/3/","/category/زندگینامه-موسیقی-دانان/page/3/","discovered-link","200","https://sornaz.com/category/%d8%b2%d9%86%d8%af%da%af%db%8c%d9%86%d8%a7%d9%85%d9%87-%d9%85%d9%88%d8%b3%db%8c%d9%82%db%8c-%d8%af%d8%a7%d9%86%d8%a7%d9%86/page/3/","https://sornaz.com/category/%d8%b2%d9%86%d8%af%da%af%db%8c%d9%86%d8%a7%d9%85%d9%87-%d9%85%d9%88%d8%b3%db%8c%d9%82%db%8c-%d8%af%d8%a7%d9%86%d8%a7%d9%86/page/3/","زندگینامه موسیقی دانان - سُرناز","text/html; charset=UTF-8","","","301","pending"
"https://sornaz.com/category/%D8%B2%D9%86%D8%AF%DA%AF%DB%8C%D9%86%D8%A7%D9%85%D9%87-%D9%85%D9%88%D8%B3%DB%8C%D9%82%DB%8C-%D8%AF%D8%A7%D9%86%D8%A7%D9%86/page/3/","/category/زندگینامه-موسیقی-دانان/page/3/","discovered-link","200","https://sornaz.com/category/%D8%B2%D9%86%D8%AF%DA%AF%DB%8C%D9%86%D8%A7%D9%85%D9%87-%D9%85%D9%88%D8%B3%DB%8C%D9%82%DB%8C-%D8%AF%D8%A7%D9%86%D8%A7%D9%86/page/3/","https://sornaz.com/category/%d8%b2%d9%86%d8%af%da%af%db%8c%d9%86%d8%a7%d9%85%d9%87-%d9%85%d9%88%d8%b3%db%8c%d9%82%db%8c-%d8%af%d8%a7%d9%86%d8%a7%d9%86/page/3/","زندگینامه موسیقی دانان - سُرناز","text/html; charset=UTF-8","","","301","pending"
"https://sornaz.com/category/%d8%b2%d9%86%d8%af%da%af%db%8c%d9%86%d8%a7%d9%85%d9%87-%d9%85%d9%88%d8%b3%db%8c%d9%82%db%8c-%d8%af%d8%a7%d9%86%d8%a7%d9%86/page/4/","/category/زندگینامه-موسیقی-دانان/page/4/","discovered-link","200","https://sornaz.com/category/%d8%b2%d9%86%d8%af%da%af%db%8c%d9%86%d8%a7%d9%85%d9%87-%d9%85%d9%88%d8%b3%db%8c%d9%82%db%8c-%d8%af%d8%a7%d9%86%d8%a7%d9%86/page/4/","https://sornaz.com/category/%d8%b2%d9%86%d8%af%da%af%db%8c%d9%86%d8%a7%d9%85%d9%87-%d9%85%d9%88%d8%b3%db%8c%d9%82%db%8c-%d8%af%d8%a7%d9%86%d8%a7%d9%86/page/4/","زندگینامه موسیقی دانان - سُرناز","text/html; charset=UTF-8","","","301","pending"
"https://sornaz.com/category/%D8%B2%D9%86%D8%AF%DA%AF%DB%8C%D9%86%D8%A7%D9%85%D9%87-%D9%85%D9%88%D8%B3%DB%8C%D9%82%DB%8C-%D8%AF%D8%A7%D9%86%D8%A7%D9%86/page/4/","/category/زندگینامه-موسیقی-دانان/page/4/","discovered-link","200","https://sornaz.com/category/%D8%B2%D9%86%D8%AF%DA%AF%DB%8C%D9%86%D8%A7%D9%85%D9%87-%D9%85%D9%88%D8%B3%DB%8C%D9%82%DB%8C-%D8%AF%D8%A7%D9%86%D8%A7%D9%86/page/4/","https://sornaz.com/category/%d8%b2%d9%86%d8%af%da%af%db%8c%d9%86%d8%a7%d9%85%d9%87-%d9%85%d9%88%d8%b3%db%8c%d9%82%db%8c-%d8%af%d8%a7%d9%86%d8%a7%d9%86/page/4/","زندگینامه موسیقی دانان - سُرناز","text/html; charset=UTF-8","","","301","pending"
"https://sornaz.com/category/%d9%81%d8%b1%d9%85-%d9%87%d8%a7%db%8c-%d9%85%d9%88%d8%b3%db%8c%d9%82%db%8c/","/category/فرم-های-موسیقی/","sitemap:category","200","https://sornaz.com/category/%d9%81%d8%b1%d9%85-%d9%87%d8%a7%db%8c-%d9%85%d9%88%d8%b3%db%8c%d9%82%db%8c/","https://sornaz.com/category/%d9%81%d8%b1%d9%85-%d9%87%d8%a7%db%8c-%d9%85%d9%88%d8%b3%db%8c%d9%82%db%8c/","فرم های موسیقی - سُرناز","text/html; charset=UTF-8","","","301","pending"
"https://sornaz.com/category/%d9%81%d8%b1%d9%85-%d9%87%d8%a7%db%8c-%d9%85%d9%88%d8%b3%db%8c%d9%82%db%8c/page/2/","/category/فرم-های-موسیقی/page/2/","discovered-link","200","https://sornaz.com/category/%d9%81%d8%b1%d9%85-%d9%87%d8%a7%db%8c-%d9%85%d9%88%d8%b3%db%8c%d9%82%db%8c/page/2/","https://sornaz.com/category/%d9%81%d8%b1%d9%85-%d9%87%d8%a7%db%8c-%d9%85%d9%88%d8%b3%db%8c%d9%82%db%8c/page/2/","فرم های موسیقی - سُرناز","text/html; charset=UTF-8","","","301","pending"
"https://sornaz.com/category/%d9%85%d9%81%d8%a7%d9%87%db%8c%d9%85-%d8%a7%d9%88%d9%84%db%8c%d9%87/","/category/مفاهیم-اولیه/","sitemap:category","200","https://sornaz.com/category/%d9%85%d9%81%d8%a7%d9%87%db%8c%d9%85-%d8%a7%d9%88%d9%84%db%8c%d9%87/","https://sornaz.com/category/%d9%85%d9%81%d8%a7%d9%87%db%8c%d9%85-%d8%a7%d9%88%d9%84%db%8c%d9%87/","مفاهیم اولیه - سُرناز","text/html; charset=UTF-8","","","301","pending"
"https://sornaz.com/category/%d9%85%d9%81%d8%a7%d9%87%db%8c%d9%85-%d8%a7%d9%88%d9%84%db%8c%d9%87/page/2/","/category/مفاهیم-اولیه/page/2/","discovered-link","200","https://sornaz.com/category/%d9%85%d9%81%d8%a7%d9%87%db%8c%d9%85-%d8%a7%d9%88%d9%84%db%8c%d9%87/page/2/","https://sornaz.com/category/%d9%85%d9%81%d8%a7%d9%87%db%8c%d9%85-%d8%a7%d9%88%d9%84%db%8c%d9%87/page/2/","مفاهیم اولیه - سُرناز","text/html; charset=UTF-8","","","301","pending"
"https://sornaz.com/category/%d9%85%d9%81%d8%a7%d9%87%db%8c%d9%85-%d8%a7%d9%88%d9%84%db%8c%d9%87/page/3/","/category/مفاهیم-اولیه/page/3/","discovered-link","200","https://sornaz.com/category/%d9%85%d9%81%d8%a7%d9%87%db%8c%d9%85-%d8%a7%d9%88%d9%84%db%8c%d9%87/page/3/","https://sornaz.com/category/%d9%85%d9%81%d8%a7%d9%87%db%8c%d9%85-%d8%a7%d9%88%d9%84%db%8c%d9%87/page/3/","مفاهیم اولیه - سُرناز","text/html; charset=UTF-8","","","301","pending"
"https://sornaz.com/category/%d9%85%d9%88%d8%b3%db%8c%d9%82%db%8c-%d8%a7%db%8c%d8%b1%d8%a7%d9%86/","/category/موسیقی-ایران/","sitemap:category","200","https://sornaz.com/category/%d9%85%d9%88%d8%b3%db%8c%d9%82%db%8c-%d8%a7%db%8c%d8%b1%d8%a7%d9%86/","https://sornaz.com/category/%d9%85%d9%88%d8%b3%db%8c%d9%82%db%8c-%d8%a7%db%8c%d8%b1%d8%a7%d9%86/","موسیقی ایران - سُرناز","text/html; charset=UTF-8","","","301","pending"
"https://sornaz.com/category/%D9%85%D9%88%D8%B3%DB%8C%D9%82%DB%8C-%D8%A7%DB%8C%D8%B1%D8%A7%D9%86/","/category/موسیقی-ایران/","discovered-link","200","https://sornaz.com/category/%D9%85%D9%88%D8%B3%DB%8C%D9%82%DB%8C-%D8%A7%DB%8C%D8%B1%D8%A7%D9%86/","https://sornaz.com/category/%d9%85%d9%88%d8%b3%db%8c%d9%82%db%8c-%d8%a7%db%8c%d8%b1%d8%a7%d9%86/","موسیقی ایران - سُرناز","text/html; charset=UTF-8","","","301","pending"
"https://sornaz.com/category/%d9%85%d9%88%d8%b3%db%8c%d9%82%db%8c-%d8%a7%db%8c%d8%b1%d8%a7%d9%86/page/2/","/category/موسیقی-ایران/page/2/","discovered-link","200","https://sornaz.com/category/%d9%85%d9%88%d8%b3%db%8c%d9%82%db%8c-%d8%a7%db%8c%d8%b1%d8%a7%d9%86/page/2/","https://sornaz.com/category/%d9%85%d9%88%d8%b3%db%8c%d9%82%db%8c-%d8%a7%db%8c%d8%b1%d8%a7%d9%86/page/2/","موسیقی ایران - سُرناز","text/html; charset=UTF-8","","","301","pending"
"https://sornaz.com/category/%D9%85%D9%88%D8%B3%DB%8C%D9%82%DB%8C-%D8%A7%DB%8C%D8%B1%D8%A7%D9%86/page/2/","/category/موسیقی-ایران/page/2/","discovered-link","200","https://sornaz.com/category/%D9%85%D9%88%D8%B3%DB%8C%D9%82%DB%8C-%D8%A7%DB%8C%D8%B1%D8%A7%D9%86/page/2/","https://sornaz.com/category/%d9%85%d9%88%d8%b3%db%8c%d9%82%db%8c-%d8%a7%db%8c%d8%b1%d8%a7%d9%86/page/2/","موسیقی ایران - سُرناز","text/html; charset=UTF-8","","","301","pending"
"https://sornaz.com/category/%d9%85%d9%88%d8%b3%db%8c%d9%82%db%8c-%d8%a7%db%8c%d8%b1%d8%a7%d9%86/page/3/","/category/موسیقی-ایران/page/3/","discovered-link","200","https://sornaz.com/category/%d9%85%d9%88%d8%b3%db%8c%d9%82%db%8c-%d8%a7%db%8c%d8%b1%d8%a7%d9%86/page/3/","https://sornaz.com/category/%d9%85%d9%88%d8%b3%db%8c%d9%82%db%8c-%d8%a7%db%8c%d8%b1%d8%a7%d9%86/page/3/","موسیقی ایران - سُرناز","text/html; charset=UTF-8","","","301","pending"
"https://sornaz.com/category/%D9%85%D9%88%D8%B3%DB%8C%D9%82%DB%8C-%D8%A7%DB%8C%D8%B1%D8%A7%D9%86/page/3/","/category/موسیقی-ایران/page/3/","discovered-link","200","https://sornaz.com/category/%D9%85%D9%88%D8%B3%DB%8C%D9%82%DB%8C-%D8%A7%DB%8C%D8%B1%D8%A7%D9%86/page/3/","https://sornaz.com/category/%d9%85%d9%88%d8%b3%db%8c%d9%82%db%8c-%d8%a7%db%8c%d8%b1%d8%a7%d9%86/page/3/","موسیقی ایران - سُرناز","text/html; charset=UTF-8","","","301","pending"
"https://sornaz.com/category/%d9%85%d9%88%d8%b3%db%8c%d9%82%db%8c-%d8%a7%db%8c%d8%b1%d8%a7%d9%86/page/4/","/category/موسیقی-ایران/page/4/","discovered-link","200","https://sornaz.com/category/%d9%85%d9%88%d8%b3%db%8c%d9%82%db%8c-%d8%a7%db%8c%d8%b1%d8%a7%d9%86/page/4/","https://sornaz.com/category/%d9%85%d9%88%d8%b3%db%8c%d9%82%db%8c-%d8%a7%db%8c%d8%b1%d8%a7%d9%86/page/4/","موسیقی ایران - سُرناز","text/html; charset=UTF-8","","","301","pending"
"https://sornaz.com/category/%D9%85%D9%88%D8%B3%DB%8C%D9%82%DB%8C-%D8%A7%DB%8C%D8%B1%D8%A7%D9%86/page/4/","/category/موسیقی-ایران/page/4/","discovered-link","200","https://sornaz.com/category/%D9%85%D9%88%D8%B3%DB%8C%D9%82%DB%8C-%D8%A7%DB%8C%D8%B1%D8%A7%D9%86/page/4/","https://sornaz.com/category/%d9%85%d9%88%d8%b3%db%8c%d9%82%db%8c-%d8%a7%db%8c%d8%b1%d8%a7%d9%86/page/4/","موسیقی ایران - سُرناز","text/html; charset=UTF-8","","","301","pending"
"https://sornaz.com/category/%d9%85%d9%88%d8%b3%db%8c%d9%82%db%8c-%d8%a7%db%8c%d8%b1%d8%a7%d9%86/page/5/","/category/موسیقی-ایران/page/5/","discovered-link","200","https://sornaz.com/category/%d9%85%d9%88%d8%b3%db%8c%d9%82%db%8c-%d8%a7%db%8c%d8%b1%d8%a7%d9%86/page/5/","https://sornaz.com/category/%d9%85%d9%88%d8%b3%db%8c%d9%82%db%8c-%d8%a7%db%8c%d8%b1%d8%a7%d9%86/page/5/","موسیقی ایران - سُرناز","text/html; charset=UTF-8","","","301","pending"
"https://sornaz.com/category/%D9%85%D9%88%D8%B3%DB%8C%D9%82%DB%8C-%D8%A7%DB%8C%D8%B1%D8%A7%D9%86/page/5/","/category/موسیقی-ایران/page/5/","discovered-link","200","https://sornaz.com/category/%D9%85%D9%88%D8%B3%DB%8C%D9%82%DB%8C-%D8%A7%DB%8C%D8%B1%D8%A7%D9%86/page/5/","https://sornaz.com/category/%d9%85%d9%88%d8%b3%db%8c%d9%82%db%8c-%d8%a7%db%8c%d8%b1%d8%a7%d9%86/page/5/","موسیقی ایران - سُرناز","text/html; charset=UTF-8","","","301","pending"
"https://sornaz.com/login/","/login/","sitemap:page","200","https://sornaz.com/login/","https://sornaz.com/login/","ورود - سُرناز","text/html; charset=UTF-8","","","301","pending"
"https://sornaz.com/logout/","/logout/","sitemap:page","200","https://sornaz.com/logout/","https://sornaz.com/logout/","خروج - سُرناز","text/html; charset=UTF-8","","","301","pending"
"https://sornaz.com/members/","/members/","sitemap:page","200","https://sornaz.com/members/","https://sornaz.com/members/","اعضا - سُرناز","text/html; charset=UTF-8","","","301","pending"
"https://sornaz.com/password-reset/","/password-reset/","sitemap:page","200","https://sornaz.com/password-reset/","https://sornaz.com/password-reset/","بازنشانی رمز عبور - سُرناز","text/html; charset=UTF-8","","","301","pending"
"https://sornaz.com/register/","/register/","sitemap:page","200","https://sornaz.com/register/","https://sornaz.com/register/","ثبت نام - سُرناز","text/html; charset=UTF-8","","","301","pending"
"https://sornaz.com/user/","/user/","sitemap:page","200","https://sornaz.com/user/","https://sornaz.com/user/","کاربر - سُرناز","text/html; charset=UTF-8","","","301","pending"
