"old_url","redirect_target","redirect_status","mapping_status","source","old_http_status","title"
"https://sornaz.com/","/","200","preserved-current-route","sitemap:page","200","صفحه اول آموزشگاه موسیقی - سُرناز"
"https://sornaz.com/%d8%a2%d9%82%d8%a7-%d8%ad%d8%b3%db%8c%d9%86%d9%82%d9%84%db%8c/","/analytics/article-details?id=96","301","mapped-article","sitemap:post","200","آقا حسینقلی، برجسته ترین تارزن دوران قاجار و یکی از راویان معتبر ردیف موسیقی ایران - سُرناز"
"https://sornaz.com/%d8%a2%d9%82%d8%a7-%d8%b9%d9%84%db%8c-%d8%a7%da%a9%d8%a8%d8%b1-%d9%81%d8%b1%d8%a7%d9%87%d8%a7%d9%86%db%8c/","/analytics/article-details?id=93","301","mapped-article","sitemap:post","200","آقا علی اکبر فراهانی، نوازنده تار دوره ناصرالدین شاه و قدیمی ترین ردیف دان شناخته شده - سُرناز"
"https://sornaz.com/%d8%a2%d9%82%d8%a7-%d8%ba%d9%84%d8%a7%d9%85-%d8%ad%d8%b3%db%8c%d9%86/","/analytics/article-details?id=94","301","mapped-article","sitemap:post","200","آقا غلام حسین، شاگرد و برادرزاده آقا علی اکبرخان - سُرناز"
"https://sornaz.com/%d8%a2%d9%84%d9%81%d8%b1%d8%af-%da%98%d8%a7%d9%86-%d8%a8%d8%a7%d9%be%d8%aa%db%8c%d8%b3%d8%aa-%d9%84%d9%88%d9%85%d8%b1/","/analytics/article-details?id=106","301","mapped-article","sitemap:post","200","آلفرد ژان باپتیست لومر ملقب به مسيو لومر - سُرناز"
"https://sornaz.com/%d8%a2%d9%88%d8%a7%d8%b2-%d8%a7%d8%a8%d9%88%d8%b9%d8%b7%d8%a7/","/analytics/article-details?id=22","301","mapped-article","sitemap:post","200","آواز ابوعطا یا دستان العرب | شبیه ترین آواز به دستگاه شور از بین 4 آواز فرعی شور - سُرناز"
"https://sornaz.com/%d8%a2%d9%88%d8%a7%d8%b2-%d8%a7%d9%81%d8%b4%d8%a7%d8%b1%db%8c/","/analytics/article-details?id=24","301","mapped-article","sitemap:post","200","آواز افشاری یکی از متعلقات دستگاه شور در ردیف موسیقی ایرانی | شباهت های آواز افشاری به 2 دستگاه سه گاه و شور - سُرناز"
"https://sornaz.com/%d8%a2%d9%88%d8%a7%d8%b2-%d8%a8%db%8c%d8%a7%d8%aa-%d8%a7%d8%b5%d9%81%d9%87%d8%a7%d9%86/","/analytics/article-details?id=31","301","mapped-article","sitemap:post","200","آواز بیات اصفهان در ردیف موسیقی ایرانی | رابطه آواز اصفهان با 2 دستگاه همایون و شور | شباهت آن با گام مینور هارمونیک - سُرناز"
"https://sornaz.com/%d8%a2%d9%88%d8%a7%d8%b2-%d8%a8%db%8c%d8%a7%d8%aa-%d8%aa%d8%b1%da%a9/","/analytics/article-details?id=23","301","mapped-article","sitemap:post","200","آواز بیات ترک یا بیات زند | یکی از 4 آواز متعلق به دستگاه شور - سُرناز"
"https://sornaz.com/%d8%a2%d9%88%d8%a7%d8%b2-%d8%af%d8%b4%d8%aa%db%8c/","/analytics/article-details?id=25","301","mapped-article","sitemap:post","200","آواز دشتی | رایج ترین آواز در بین 4 آواز وابسته به دستگاه شور در ردیف موسیقی ایرانی - سُرناز"
"https://sornaz.com/%d8%a2%da%a9%d9%88%d8%b1%d8%af-%da%86%db%8c%d8%b3%d8%aa%d8%9f/","/analytics/article-details?id=20","301","mapped-article","discovered-link","200","آکورد چیست؟ آکوردهای 3 صدایی و 4 صدایی چگونه به وجود آمدند؟ - سُرناز"
"https://sornaz.com/%d8%a2%da%a9%d9%88%d8%b1%d8%af/","/analytics/article-details?id=20","301","mapped-article","sitemap:post","200","آکورد چیست؟ آکوردهای 3 صدایی و 4 صدایی چگونه به وجود آمدند؟ - سُرناز"
"https://sornaz.com/%d8%a7%d8%a8%d9%88%d8%a7%d9%84%d8%ad%d8%b3%d9%86-%d8%b5%d8%a8%d8%a7/","/analytics/article-details?id=67","301","mapped-article","sitemap:post","200","زندگینامه ابوالحسن صبا، موسیقی دان، آهنگساز برجسته ایرانی | نوازنده ای که همه ساز ها را می نواخت - سُرناز"
"https://sornaz.com/%d8%a7%d8%ad%d9%85%d8%af-%d8%b9%d8%a8%d8%a7%d8%af%db%8c/","/analytics/article-details?id=98","301","mapped-article","sitemap:post","200","احمد عبادی، نوازنده برجسته سه تار و فرزند میرزاعبدالله - سُرناز"
"https://sornaz.com/%d8%a8%d8%a7%d9%81%d8%aa-%d9%85%d9%88%d8%b3%db%8c%d9%82%db%8c/","/analytics/article-details?id=38","301","mapped-article","sitemap:post","200","بافت موسیقی به چه معناست؟ - سُرناز"
"https://sornaz.com/%d8%aa%d8%a6%d9%88%d8%b1%db%8c-%d9%85%d9%88%d8%b3%db%8c%d9%82%db%8c-%d8%a7%db%8c%d8%b1%d8%a7%d9%86%db%8c/","/analytics/article-details?id=13","301","mapped-article","sitemap:post","200","تئوری موسیقی ایرانی، بررسی تئوری دانگ ها و 4 دانگ اساسی در موسیقی ایرانی - سُرناز"
"https://sornaz.com/%d8%aa%d8%a6%d9%88%d8%b1%db%8c-%d9%85%d9%88%d8%b3%db%8c%d9%82%db%8c-%d8%a7%db%8c%d8%b1%d8%a7%d9%86%db%8c%d8%8c-%d8%a8%d8%b1%d8%b1%d8%b3%db%8c-%d8%aa%d8%a6%d9%88%d8%b1%db%8c-%d8%af%d8%a7%d9%86%da%af/","/analytics/article-details?id=13","301","mapped-article","discovered-link","200","تئوری موسیقی ایرانی، بررسی تئوری دانگ ها و 4 دانگ اساسی در موسیقی ایرانی - سُرناز"
"https://sornaz.com/%d8%aa%d8%a6%d9%88%d8%b1%db%8c-%d9%85%d9%88%d8%b3%db%8c%d9%82%db%8c-%da%86%db%8c%d8%b3%d8%aa%d8%9f/","/analytics/article-details?id=5","301","mapped-article","discovered-link","200","تئوری موسیقی چیست؟ چرا و چگونه تئوری موسیقی به وجود آمد؟ 5 مزیت یادگیری تیوری موسیقی - سُرناز"
"https://sornaz.com/%d8%aa%d8%a6%d9%88%d8%b1%db%8c-%d9%85%d9%88%d8%b3%db%8c%d9%82%db%8c/","/analytics/article-details?id=5","301","mapped-article","sitemap:post","200","تئوری موسیقی چیست؟ چرا و چگونه تئوری موسیقی به وجود آمد؟ 5 مزیت یادگیری تیوری موسیقی - سُرناز"
"https://sornaz.com/%d8%aa%d8%a6%d9%88%d8%b1%db%8c-%da%af%d8%a7%d9%85-24-%d8%b1%d8%a8%d8%b9-%d9%be%d8%b1%d8%af%d9%87-%d8%a7%db%8c-%d8%b9%d9%84%db%8c%d9%86%d9%82%db%8c-%d9%88%d8%b2%db%8c%d8%b1%db%8c/","/analytics/article-details?id=33","301","mapped-article","sitemap:post","200","تئوری گام 24 ربع پرده ای در موسیقی ایرانی از علینقی وزیری - سُرناز"
"https://sornaz.com/%d8%aa%d8%a7%d8%b1%db%8c%d8%ae-%d9%85%d9%88%d8%b3%db%8c%d9%82%db%8c-%d8%a7%db%8c%d8%b1%d8%a7%d9%86/","/analytics/article-details?id=2","301","mapped-article","sitemap:post","200","تاریخ موسیقی ایران بخش 1 - سُرناز"
"https://sornaz.com/%d8%aa%d8%a7%d8%b1%db%8c%d8%ae%da%86%d9%87-%d9%86%d8%aa-%d8%ae%d9%88%d8%a7%d9%86%db%8c/","/analytics/article-details?id=10","301","mapped-article","sitemap:post","200","تاریخچه پیدایش نت و نت خوانی در موسیقی، کلیدهای مختلف در نت‌خوانی - سُرناز"
"https://sornaz.com/%d8%aa%d9%85-%d8%af%d8%b1-%d9%85%d9%88%d8%b3%db%8c%d9%82%db%8c/","/analytics/article-details?id=69","301","mapped-article","sitemap:post","200","مفهوم سوژه یا تم در موسیقی - سُرناز"
"https://sornaz.com/%d8%aa%d9%85%d9%be%d9%88/","/analytics/article-details?id=70","301","mapped-article","sitemap:post","200","تمپو یا سرعت اجرای قطعات موسیقی - سُرناز"
"https://sornaz.com/%d8%ac%d9%84%db%8c%d9%84-%d8%b4%d9%87%d9%86%d8%a7%d8%b2/","/analytics/article-details?id=36","301","mapped-article","sitemap:post","200","جلیل شهناز، شهنواز موسیقی ایران، نوازنده بی بدیل تار - سُرناز"
"https://sornaz.com/%d8%ac%d9%85%d9%84%d9%87/","/analytics/article-details?id=42","301","mapped-article","sitemap:post","200","جمله در موسیقی به چه معناست؟ 4 روش مهم برای ساختن جمله های موسیقی - سُرناز"
"https://sornaz.com/%d8%ac%d9%88%d8%a7%d8%af-%d9%85%d8%b9%d8%b1%d9%88%d9%81%db%8c/","/analytics/article-details?id=110","301","mapped-article","sitemap:post","200","جواد معروفی - سُرناز"
"https://sornaz.com/%d8%ad%d8%a7%d8%ac-%d8%aa%d8%a7%d8%ac-%d9%86%db%8c%d8%b4%d8%a7%d8%a8%d9%88%d8%b1%db%8c/","/analytics/article-details?id=114","301","mapped-article","sitemap:post","200","حاج تاج نیشابوری - سُرناز"
"https://sornaz.com/%d8%ad%d8%a8%db%8c%d8%a8-%d8%b3%d9%85%d8%a7%d8%b9%db%8c/","/analytics/article-details?id=112","301","mapped-article","sitemap:post","200","حبیب سماعی - سُرناز"
"https://sornaz.com/%d8%ad%d8%b3%d8%a7%d8%a8-%da%a9%d8%a7%d8%b1%d8%a8%d8%b1%db%8c/","/analytics/admin-account","301","mapped","sitemap:page","200","حساب کاربری - سُرناز"
"https://sornaz.com/%d8%ad%d8%b3%d9%86-%da%a9%d8%b3%d8%a7%db%8c%db%8c/","/analytics/article-details?id=102","301","mapped-article","sitemap:post","200","حسن کسایی | نوازنده برجسته نی، ردیف دان ملقب به استاد کامل - سُرناز"
"https://sornaz.com/%d8%ad%d8%b3%d9%8a%d9%86-%d8%b9%d9%84%d9%89-%d9%88%d8%b2%d9%8a%d8%b1%d9%89-%d8%aa%d8%a8%d8%a7%d8%b1/","/analytics/article-details?id=117","301","mapped-article","sitemap:post","200","حسين على وزيرى تبار - سُرناز"
"https://sornaz.com/%d8%ad%d8%b3%db%8c%d9%86-%d8%b9%d9%84%db%8c%d8%b2%d8%a7%d8%af%d9%87/","/analytics/article-details?id=62","301","mapped-article","sitemap:post","200","زندگینامه و آثار حسین علیزاده موسیقی دان برجسته ایرانی | حضور در 2 گروه عارف و کانون چاووش - سُرناز"
"https://sornaz.com/%d8%af%d8%b3%d8%aa%da%af%d8%a7%d9%87-%d8%b1%d8%a7%d8%b3%d8%aa-%d9%be%d9%86%d8%ac%da%af%d8%a7%d9%87/","/analytics/article-details?id=32","301","mapped-article","sitemap:post","200","دستگاه راست پنجگاه | فن آخر در ردیف موسیقی ایرانی | شباهت گام 2 دستگاه راست‌پنجگاه و ماهور | دستگاهی برای مرکب نوازی و مرکب خوانی - سُرناز"
"https://sornaz.com/%d8%af%d8%b3%d8%aa%da%af%d8%a7%d9%87-%d8%b3%d9%87-%da%af%d8%a7%d9%87/","/analytics/article-details?id=28","301","mapped-article","sitemap:post","200","دستگاه سه گاه | شباهت ها و تفاوت دستگاه سه گاه به آواز افشاری در ردیف موسیقی ایرانی | مایه شناسی سه گاه در گام 24 ربع پرده ای علینقی وزیری - سُرناز"
"https://sornaz.com/%d8%af%d8%b3%d8%aa%da%af%d8%a7%d9%87-%d8%b4%d9%86%d8%a7%d8%b3%db%8c-%d9%88-%d8%a2%d9%88%d8%a7%d8%b2%d8%b4%d9%86%d8%a7%d8%b3%db%8c-%d9%85%d9%88%d8%b3%db%8c%d9%82%db%8c-%d8%a7%db%8c%d8%b1%d8%a7%d9%86/","/analytics/article-details?id=37","301","mapped-article","sitemap:post","200","دستگاه شناسی و آوازشناسی موسیقی ایرانی، شناخت علائم سرکلید 12 مقام موسیقی ایرانی - سُرناز"
"https://sornaz.com/%d8%af%d8%b3%d8%aa%da%af%d8%a7%d9%87-%d8%b4%d9%88%d8%b1/","/analytics/article-details?id=21","301","mapped-article","sitemap:post","200","دستگاه شور، گسترده ترین دستگاه موسیقی ایرانی (1) | نظریه روح اله خالقی | مایه شناسی در گام 24 ربع پرده ای علینقی وزیری - سُرناز"
"https://sornaz.com/%d8%af%d8%b3%d8%aa%da%af%d8%a7%d9%87-%d9%85%d8%a7%d9%87%d9%88%d8%b1/","/analytics/article-details?id=27","301","mapped-article","sitemap:post","200","دستگاه ماهور | شباهت دستگاه ماهور در موسیقی ایرانی به گام ماژور | دستگاهی با حدود 50 گوشه | ساختار و مایه شناسی - سُرناز"
"https://sornaz.com/%d8%af%d8%b3%d8%aa%da%af%d8%a7%d9%87-%d9%86%d9%88%d8%a7/","/analytics/article-details?id=26","301","mapped-article","sitemap:post","200","دستگاه نوا یا آواز نوا؟ دستگاهی که موسیقی دانان ایرانی در مورد آن اختلاف نظر دارند| شباهت ها و تفاوت دستگاه نوا و شور | 2 الگوی گام متفاوت برای نوا - سُرناز"
"https://sornaz.com/%d8%af%d8%b3%d8%aa%da%af%d8%a7%d9%87-%d9%87%d9%85%d8%a7%db%8c%d9%88%d9%86/","/analytics/article-details?id=30","301","mapped-article","sitemap:post","200","دستگاه همایون | شباهت ها و اختلاف های دستگاه همایون به شور و بیات اصفهان در ردیف موسیقی ایرانی و گام مینور هارمونیک | مایه شناسی در گام 24 ربع پرده ای وزیری - سُرناز"
"https://sornaz.com/%d8%af%d8%b3%d8%aa%da%af%d8%a7%d9%87-%d9%88-%d8%a2%d9%88%d8%a7%d8%b2/","/analytics/article-details?id=41","301","mapped-article","sitemap:post","200","مفهوم دستگاه و آواز در موسیقی ایران چیست؟ تفاوت های اساسی این ساختارها - سُرناز"
"https://sornaz.com/%d8%af%d8%b3%d8%aa%da%af%d8%a7%d9%87-%da%86%d9%87%d8%a7%d8%b1%da%af%d8%a7%d9%87/","/analytics/article-details?id=29","301","mapped-article","sitemap:post","200","دستگاه چهارگاه | منحصر به فرد ترین دستگاه در ردیف موسیقی ایرانی | مایه شناسی در گام 24 قسمتی علینقی وزیری - سُرناز"
"https://sornaz.com/%d8%b1%d8%a7%d8%b3%d8%aa-%da%a9%d9%88%da%a9-%d9%88-%da%86%d9%be-%da%a9%d9%88%da%a9/","/analytics/article-details?id=61","301","mapped-article","sitemap:post","200","مفهوم 2 اصطلاح راست کوک و چپ کوک در موسیقی ایرانی چیست؟ - سُرناز"
"https://sornaz.com/%d8%b1%d8%a7%d9%87%d9%86%d9%85%d8%a7%db%8c-%d8%ae%d8%b1%db%8c%d8%af-%d8%aa%d8%a7%d8%b1/","/analytics/article-details?id=51","301","mapped-article","sitemap:post","200","راهنمای جامع خرید تار | نکات لازم جهت خرید | 10 قسمت مختلف تار و ویژگی های یک ساز خوب - سُرناز"
"https://sornaz.com/%d8%b1%d8%a7%d9%87%d9%86%d9%85%d8%a7%db%8c-%d8%ae%d8%b1%db%8c%d8%af-%d8%aa%d9%86%d8%a8%da%a9/","/analytics/article-details?id=56","301","mapped-article","sitemap:post","200","راهنمای جامع خرید تنبک | 6 نکته کاربردی در خرید تمبک | 4 سوال مهم هنگام خرید تنبک - سُرناز"
"https://sornaz.com/%d8%b1%d8%a7%d9%87%d9%86%d9%85%d8%a7%db%8c-%d8%ae%d8%b1%db%8c%d8%af-%d8%b3%d9%86%d8%aa%d9%88%d8%b1/","/analytics/article-details?id=52","301","mapped-article","sitemap:post","200","راهنمای جامع خرید سنتور برای شروع یادگیری افراد مبتدی | 9 نکته مهم برای خرید بهترین سنتور - سُرناز"
"https://sornaz.com/%d8%b1%d8%a7%d9%87%d9%86%d9%85%d8%a7%db%8c-%d8%ae%d8%b1%db%8c%d8%af-%d8%b3%d9%87-%d8%aa%d8%a7%d8%b1/","/analytics/article-details?id=53","301","mapped-article","sitemap:post","200","راهنمای جامع خرید سه تار | بررسی ساختمان و اجزای سه تار | قیمت انواع سه تار | 8 نکته مهم در رابطه با کیفیت صدای سه تار - سُرناز"
"https://sornaz.com/%d8%b1%d8%a7%d9%87%d9%86%d9%85%d8%a7%db%8c-%d8%ae%d8%b1%db%8c%d8%af-%d8%b9%d9%88%d8%af-%d9%88-%d8%a8%d8%b1%d8%a8%d8%b7/","/analytics/article-details?id=57","301","mapped-article","sitemap:post","200","راهنمای جامع خرید عود و بربط | معرفی 8 بخش مختلف ساز عود | نکات مهم برای خرید بربط - سُرناز"
"https://sornaz.com/%d8%b1%d8%a7%d9%87%d9%86%d9%85%d8%a7%db%8c-%d8%ae%d8%b1%db%8c%d8%af-%d9%81%d9%84%d9%88%d8%aa/","/analytics/article-details?id=58","301","mapped-article","sitemap:post","200","راهنمای جامع خرید فلوت ریکوردر - سُرناز"
"https://sornaz.com/%d8%b1%d8%a7%d9%87%d9%86%d9%85%d8%a7%db%8c-%d8%ae%d8%b1%db%8c%d8%af-%d9%87%d9%86%da%af-%d8%af%d8%b1%d8%a7%d9%85/","/analytics/article-details?id=50","301","mapped-article","sitemap:post","200","راهنمای جامع خرید هنگ درام | 4 نکته مهم جهت تهیه و خرید هنگ درام برای افراد مبتدی و حرفه ای - سُرناز"
"https://sornaz.com/%d8%b1%d8%a7%d9%87%d9%86%d9%85%d8%a7%db%8c-%d8%ae%d8%b1%db%8c%d8%af-%d9%88%db%8c%d9%88%d9%84%d9%86/","/analytics/article-details?id=55","301","mapped-article","sitemap:post","200","راهنمای خرید ویولن | چه مواردی در انتخاب ویولون اهمیت دارد؟ | 11 نکته مهم و کاربردی در خرید ویولون - سُرناز"
"https://sornaz.com/%d8%b1%d8%a7%d9%87%d9%86%d9%85%d8%a7%db%8c-%d8%ae%d8%b1%db%8c%d8%af-%d9%be%db%8c%d8%a7%d9%86%d9%88/","/analytics/article-details?id=48","301","mapped-article","sitemap:post","200","راهنمای جامع خرید پیانو برای افراد مبتدی و حرفه ای | مهم ترین مشخصات به همراه معرفی 3 مدل محبوب و ارزان قیمت - سُرناز"
"https://sornaz.com/%d8%b1%d8%a7%d9%87%d9%86%d9%85%d8%a7%db%8c-%d8%ae%d8%b1%db%8c%d8%af-%da%a9%d8%a7%d9%84%db%8c%d9%85%d8%a8%d8%a7/","/analytics/article-details?id=49","301","mapped-article","sitemap:post","200","راهنمای جامع خرید کالیمبا | بررسی 2 نوع طراحی ساز کالیمبا | سازی بسیار جذاب و ساده برای یادگیری - سُرناز"
"https://sornaz.com/%d8%b1%d8%a7%d9%87%d9%86%d9%85%d8%a7%db%8c-%d8%ae%d8%b1%db%8c%d8%af-%da%a9%d9%85%d8%a7%d9%86%da%86%d9%87/","/analytics/article-details?id=54","301","mapped-article","sitemap:post","200","راهنمای جامع خرید کمانچه | معرفی اجزای کمانچه | نکات و مشخصات ضروری جهت خرید کمانچه | آشنایی با 5 برند معتبر تولید کننده کمانچه - سُرناز"
"https://sornaz.com/%d8%b1%d8%a7%d9%87%d9%86%d9%85%d8%a7%db%8c-%d8%ae%d8%b1%db%8c%d8%af-%da%af%db%8c%d8%aa%d8%a7%d8%b1/","/analytics/article-details?id=47","301","mapped-article","sitemap:post","200","راهنمای جامع خرید گیتار برای شروع یادگیری | مهم ترین نکات و مشخصات | معرفی 5 مدل ارزان قیمت و مناسب برای شروع - سُرناز"
"https://sornaz.com/%d8%b1%d8%af%db%8c%d9%81/","/analytics/article-details?id=40","301","mapped-article","sitemap:post","200","مفهوم ردیف در موسیقی ایرانی، 7 دستگاه و 5 آواز در ردیف موسیقی ایرانی کدامند؟ - سُرناز"
"https://sornaz.com/%d8%b1%d8%b6%d8%a7-%d9%85%d8%ad%d8%ac%d9%88%d8%a8%db%8c/","/analytics/article-details?id=111","301","mapped-article","sitemap:post","200","رضا محجوبی - سُرناز"
"https://sornaz.com/%d8%b1%d9%88%d8%ad-%d8%a7%d9%84%d9%84%d9%87-%d8%ae%d8%a7%d9%84%d9%82%db%8c/","/analytics/article-details?id=100","301","mapped-article","sitemap:post","200","روح الله خالقی، نوازنده، آهنگساز و محقق برجسته موسیقی ایران - سُرناز"
"https://sornaz.com/%d8%b1%d9%90%d9%86%da%af/","/analytics/article-details?id=45","301","mapped-article","sitemap:post","200","فرم رِنگ در موسیقی ایران چگونه است؟ رنگ های مهم ایرانی کدامند؟ - سُرناز"
"https://sornaz.com/%d8%b1%db%8c%d8%aa%d9%85-%d8%ae%d9%88%d8%a7%d9%86%db%8c-%d8%af%d8%b1-%d9%85%d9%88%d8%b3%db%8c%d9%82%db%8c/","/analytics/article-details?id=9","301","mapped-article","sitemap:post","200","ریتم خوانی در موسیقی، آشنایی با قواعد و مفاهیم اصلی زمان‌بندی در ریتم‌خوانی - سُرناز"
"https://sornaz.com/%d8%b1%db%8c%d8%aa%d9%85-%d8%af%d8%b1-%d9%85%d9%88%d8%b3%db%8c%d9%82%db%8c-%d8%a8%d9%87-%da%86%d9%87-%d9%85%d8%b9%d9%86%d8%a7%d8%b3%d8%aa%d8%9f/","/analytics/article-details?id=6","301","mapped-article","discovered-link","200","ریتم در موسیقی به چه معناست؟ چرا ریتم یا ضرب آهنگ مهمترین عنصر موسیقی است؟ - سُرناز"
"https://sornaz.com/%d8%b1%db%8c%d8%aa%d9%85-%d8%af%d8%b1-%d9%85%d9%88%d8%b3%db%8c%d9%82%db%8c/","/analytics/article-details?id=6","301","mapped-article","sitemap:post","200","ریتم در موسیقی به چه معناست؟ چرا ریتم یا ضرب آهنگ مهمترین عنصر موسیقی است؟ - سُرناز"
"https://sornaz.com/%d8%b2%d9%86%d8%af%da%af%db%8c%d9%86%d8%a7%d9%85%d9%87-%d8%b9%d9%84%db%8c-%d8%a7%da%a9%d8%a8%d8%b1-%d8%b4%d9%87%d9%86%d8%a7%d8%b2%db%8c/","/analytics/article-details?id=86","301","mapped-article","sitemap:post","200","زندگینامه علی اکبر شهنازی - سُرناز"
"https://sornaz.com/%d8%b3%d8%a8%d8%af-%d8%ae%d8%b1%db%8c%d8%af/","/","301","mapped","sitemap:page","200","سبد خرید - سُرناز"
"https://sornaz.com/%d8%b3%db%8c%d8%af-%d8%ad%d8%b3%db%8c%d9%86-%d8%b7%d8%a7%d9%87%d8%b1%d8%b2%d8%a7%d8%af%d9%87/","/analytics/article-details?id=107","301","mapped-article","sitemap:post","200","سید حسین طاهرزاده - سُرناز"
"https://sornaz.com/%d8%b3%db%8c%d8%af-%d8%b1%d8%ad%db%8c%d9%85-%d8%a7%d8%b5%d9%81%d9%87%d8%a7%d9%86%db%8c/","/analytics/article-details?id=115","301","mapped-article","sitemap:post","200","سید رحیم اصفهانی - سُرناز"
"https://sornaz.com/%d8%b4%d9%87%d8%b1%d8%a7%d9%85-%d9%86%d8%a7%d8%b8%d8%b1%db%8c/","/analytics/article-details?id=65","301","mapped-article","sitemap:post","200","شهرام ناظری، شوالیه موسیقی - سُرناز"
"https://sornaz.com/%d8%b6%d8%b1%d8%a8%db%8c-%d8%a2%d9%88%d8%a7%d8%b2%db%8c%da%a9/","/analytics/article-details?id=118","301","mapped-article","sitemap:post","200","فرم ضربی آوازیک در موسیقی ایران - سُرناز"
"https://sornaz.com/%d8%b6%d8%b1%d8%a8%db%8c-%d8%b3%d8%a7%d8%b2%db%8c%da%a9/","/analytics/article-details?id=119","301","mapped-article","sitemap:post","200","فرم ضربی سازیک در موسیقی ایران - سُرناز"
"https://sornaz.com/%d8%b9%d8%a7%d8%b1%d9%81-%d9%82%d8%b2%d9%88%db%8c%d9%86%db%8c/","/analytics/article-details?id=91","301","mapped-article","sitemap:post","200","زندگینامه عارف قزوینی | تصنیف سُرای چیره دست - سُرناز"
"https://sornaz.com/%d8%b9%d8%a8%d8%af%d8%a7%d9%84%d8%ad%d8%b3%db%8c%d9%86-%d8%b4%d9%87%d9%86%d8%a7%d8%b2%db%8c/","/analytics/article-details?id=113","301","mapped-article","sitemap:post","200","عبدالحسین شهنازی - سُرناز"
"https://sornaz.com/%d8%b9%d8%a8%d8%af%d8%a7%d9%84%d9%84%d9%87-%d8%af%d9%88%d8%a7%d9%85%db%8c/","/analytics/article-details?id=116","301","mapped-article","sitemap:post","200","عبدالله دوامی - سُرناز"
"https://sornaz.com/%d8%b9%d9%84%db%8c-%d9%86%d9%82%db%8c-%d9%88%d8%b2%db%8c%d8%b1%db%8c/","/analytics/article-details?id=97","301","mapped-article","sitemap:post","200","علی نقی وزیری، آهنگساز و نوازنده نوگرای موسیقی ایران و خالق نظریه گام 24 قسمتی - سُرناز"
"https://sornaz.com/%d8%ba%d9%84%d8%a7%d9%85%d8%ad%d8%b3%db%8c%d9%86-%d8%a8%d9%86%d8%a7%d9%86/","/analytics/article-details?id=101","301","mapped-article","sitemap:post","200","غلامحسین بنان، خواننده تاثیرگذار موسیقی ایران - سُرناز"
"https://sornaz.com/%d8%ba%d9%84%d8%a7%d9%85%d8%ad%d8%b3%db%8c%d9%86-%d8%af%d8%b1%d9%88%db%8c%d8%b4/","/analytics/article-details?id=90","301","mapped-article","sitemap:post","200","زندگینامه غلامحسین درویش معروف به درویش خان از نوآوران موسیقی ایران - سُرناز"
"https://sornaz.com/%d9%81%d8%a7%d8%b5%d9%84%d9%87-%d9%85%d9%88%d8%b3%db%8c%d9%82%d8%a7%db%8c%db%8c-%d8%a8%d9%87-%da%86%d9%87-%d9%85%d8%b9%d9%86%d8%a7%d8%b3%d8%aa%d8%9f/","/analytics/article-details?id=15","301","mapped-article","discovered-link","200","فاصله موسیقایی به چه معناست؟ فاصله میان 2 نت را چگونه حساب می کنند؟ - سُرناز"
"https://sornaz.com/%d9%81%d8%a7%d8%b5%d9%84%d9%87-%d9%85%d9%88%d8%b3%db%8c%d9%82%d8%a7%db%8c%db%8c/","/analytics/article-details?id=15","301","mapped-article","sitemap:post","200","فاصله موسیقایی به چه معناست؟ فاصله میان 2 نت را چگونه حساب می کنند؟ - سُرناز"
"https://sornaz.com/%d9%81%d8%b1%d9%85-%d8%a2%d9%88%d8%a7%d8%b2/","/analytics/article-details?id=68","301","mapped-article","sitemap:post","200","فرم آواز به عنوان مهم ترین گونه در موسیقی ایران چگونه است؟ - سُرناز"
"https://sornaz.com/%d9%81%d8%b1%d9%85-%d8%aa%d8%b5%d9%86%db%8c%d9%81/","/analytics/article-details?id=60","301","mapped-article","sitemap:post","200","فرم تصنیف در موسیقی ایران چگونه است؟ - سُرناز"
"https://sornaz.com/%d9%81%d8%b1%d9%85-%d8%af%d8%b1-%d9%85%d9%88%d8%b3%db%8c%d9%82%db%8c/","/analytics/article-details?id=71","301","mapped-article","sitemap:post","200","مفهوم فرم در موسیقی - سُرناز"
"https://sornaz.com/%d9%81%d8%b1%d9%85-%d9%be%db%8c%d8%b4-%d8%af%d8%b1%d8%a2%d9%85%d8%af/","/analytics/article-details?id=59","301","mapped-article","sitemap:post","200","فرم پیش درآمد در موسیقی ایران چگونه است؟ - سُرناز"
"https://sornaz.com/%d9%81%d8%b1%d9%85-%da%a9%d8%a7%d8%b1-%d9%88-%d8%b9%d9%85%d9%84/","/analytics/article-details?id=73","301","mapped-article","sitemap:post","200","فرم کار و عمل یا کارِ عمل در موسیقی ایرانی - سُرناز"
"https://sornaz.com/%d9%81%d8%b1%d9%88%d8%af-%d8%af%d8%b1-%d9%85%d9%88%d8%b3%db%8c%d9%82%db%8c/","/analytics/article-details?id=44","301","mapped-article","sitemap:post","200","مفهوم فرود در موسیقی ایرانی چیست؟ شباهت ها و تفاوت های فرود و کادانس کدامند؟ - سُرناز"
"https://sornaz.com/%d9%81%d8%b1%d9%88%d8%b4%da%af%d8%a7%d9%87/","/","301","mapped","sitemap:page","200","فروشگاه - سُرناز"
"https://sornaz.com/%d9%82%d8%b7%d8%b9%d9%87/","/analytics/article-details?id=121","301","mapped-article","sitemap:post","200","مفهوم قطعه در موسیقی ایرانی - سُرناز"
"https://sornaz.com/%d9%82%d9%85%d8%b1%d8%a7%d9%84%d9%85%d9%84%d9%88%da%a9-%d9%88%d8%b2%db%8c%d8%b1%db%8c/","/analytics/article-details?id=99","301","mapped-article","sitemap:post","200","قمرالملوک وزیری، صدای جاودانه و ماندگار آواز ایران - سُرناز"
"https://sornaz.com/%d9%85%d8%ad%d9%85%d8%af%d8%b1%d8%b6%d8%a7-%d8%b4%d8%ac%d8%b1%db%8c%d8%a7%d9%86/","/analytics/article-details?id=64","301","mapped-article","sitemap:post","200","محمدرضا شجریان، خسروی آواز ایران - سُرناز"
"https://sornaz.com/%d9%85%d8%ad%d9%85%d8%af%d8%b1%d8%b6%d8%a7-%d9%84%d8%b7%d9%81%db%8c/","/analytics/article-details?id=35","301","mapped-article","sitemap:post","200","زندگینامه و آثار استاد محمدرضا لطفی؛ قلندر موسیقی ایران - سُرناز"
"https://sornaz.com/%d9%85%d8%ad%d9%85%d8%af%d8%b5%d8%a7%d8%af%d9%82-%d8%ae%d8%a7%d9%86-%d8%b3%d9%8f%d8%b1%d9%88%d8%b1%d8%a7%d9%84%d9%85%d9%84%da%a9/","/analytics/article-details?id=104","301","mapped-article","sitemap:post","200","محمدصادق خان سُرورالملک، نوازنده سنتور دوره ناصری - سُرناز"
"https://sornaz.com/%d9%85%d8%ad%d9%85%d8%af%d8%b9%d9%84%db%8c-%d8%a7%d9%85%db%8c%d8%b1%d8%ac%d8%a7%d9%87%d8%af/","/analytics/article-details?id=92","301","mapped-article","sitemap:post","200","محمدعلی امیرجاهد، شاعر و تصنیف سُرای برجسته - سُرناز"
"https://sornaz.com/%d9%85%d8%af%d8%b1%d8%b3%d9%87-%d8%b9%d8%a7%d9%84%db%8c-%d9%85%d9%88%d8%b3%db%8c%d9%82%db%8c/","/analytics/article-details?id=120","301","mapped-article","sitemap:post","200","مدرسه عالی موسیقی - سُرناز"
"https://sornaz.com/%d9%85%d8%af%d9%87%d8%a7%db%8c-%da%a9%d9%84%db%8c%d8%b3%d8%a7%db%8c%db%8c-%d8%af%d8%b1-%d9%82%d8%b1%d9%88%d9%86-%d9%88%d8%b3%d8%b7%db%8c/","/analytics/article-details?id=18","301","mapped-article","discovered-link","200","مدهای کلیسایی در قرون وسطی، آشنایی با مدهای 8 گانه و 12 گانه کلیسایی - سُرناز"
"https://sornaz.com/%d9%85%d8%af%d9%87%d8%a7%db%8c-%da%a9%d9%84%db%8c%d8%b3%d8%a7%db%8c%db%8c/","/analytics/article-details?id=18","301","mapped-article","sitemap:post","200","مدهای کلیسایی در قرون وسطی، آشنایی با مدهای 8 گانه و 12 گانه کلیسایی - سُرناز"
"https://sornaz.com/%d9%85%d8%b1%d8%aa%d8%b6%db%8c-%d9%86%db%8c-%d8%af%d8%a7%d9%88%d8%af/","/analytics/article-details?id=108","301","mapped-article","sitemap:post","200","مرتضی نی داود،‌تار نواز برجسته، شاگرد درویش خان و استاد قمرالملوک وزیری - سُرناز"
"https://sornaz.com/%d9%85%d9%81%d9%87%d9%88%d9%85-%da%af%d8%a7%d9%85-%d9%85%d9%88%d8%b3%db%8c%d9%82%db%8c-%d9%88-%d8%aa%d9%88%d9%86%d8%a7%d9%84%db%8c%d8%aa%d9%87-%da%86%db%8c%d8%b3%d8%aa%d8%9f/","/analytics/article-details?id=14","301","mapped-article","discovered-link","200","مفهوم گام موسیقی و تونالیته چیست؟ انواع گام ها در موسیقی - سُرناز"
"https://sornaz.com/%d9%85%d9%82%d8%a7%d9%84%d9%87-%d9%87%d8%a7/","/analytics/articles","301","mapped","sitemap:post","200","مقاله ها - سُرناز"
"https://sornaz.com/%d9%85%d9%82%d8%a7%d9%84%d9%87-%d9%87%d8%a7/page/10/","/analytics/articles","301","mapped-pagination","discovered-link","200","مقاله ها - سُرناز"
"https://sornaz.com/%d9%85%d9%82%d8%a7%d9%84%d9%87-%d9%87%d8%a7/page/11/","/analytics/articles","301","mapped-pagination","discovered-link","200","مقاله ها - سُرناز"
"https://sornaz.com/%d9%85%d9%82%d8%a7%d9%84%d9%87-%d9%87%d8%a7/page/12/","/analytics/articles","301","mapped-pagination","discovered-link","200","مقاله ها - سُرناز"
"https://sornaz.com/%d9%85%d9%82%d8%a7%d9%84%d9%87-%d9%87%d8%a7/page/13/","/analytics/articles","301","mapped-pagination","discovered-link","200","مقاله ها - سُرناز"
"https://sornaz.com/%d9%85%d9%82%d8%a7%d9%84%d9%87-%d9%87%d8%a7/page/2/","/analytics/articles","301","mapped-pagination","discovered-link","200","مقاله ها - سُرناز"
"https://sornaz.com/%d9%85%d9%82%d8%a7%d9%84%d9%87-%d9%87%d8%a7/page/3/","/analytics/articles","301","mapped-pagination","discovered-link","200","مقاله ها - سُرناز"
"https://sornaz.com/%d9%85%d9%82%d8%a7%d9%84%d9%87-%d9%87%d8%a7/page/4/","/analytics/articles","301","mapped-pagination","discovered-link","200","مقاله ها - سُرناز"
"https://sornaz.com/%d9%85%d9%82%d8%a7%d9%84%d9%87-%d9%87%d8%a7/page/5/","/analytics/articles","301","mapped-pagination","discovered-link","200","مقاله ها - سُرناز"
"https://sornaz.com/%d9%85%d9%82%d8%a7%d9%84%d9%87-%d9%87%d8%a7/page/6/","/analytics/articles","301","mapped-pagination","discovered-link","200","مقاله ها - سُرناز"
"https://sornaz.com/%d9%85%d9%82%d8%a7%d9%84%d9%87-%d9%87%d8%a7/page/7/","/analytics/articles","301","mapped-pagination","discovered-link","200","مقاله ها - سُرناز"
"https://sornaz.com/%d9%85%d9%82%d8%a7%d9%84%d9%87-%d9%87%d8%a7/page/8/","/analytics/articles","301","mapped-pagination","discovered-link","200","مقاله ها - سُرناز"
"https://sornaz.com/%d9%85%d9%82%d8%a7%d9%84%d9%87-%d9%87%d8%a7/page/9/","/analytics/articles","301","mapped-pagination","discovered-link","200","مقاله ها - سُرناز"
"https://sornaz.com/%d9%85%d9%84%d9%88%d8%af%db%8c-%da%86%db%8c%d8%b3%d8%aa%d8%9f/","/analytics/article-details?id=7","301","mapped-article","discovered-link","200","ملودی چیست؟ چرا ملُودی ها ماندگار می شوند؟ 3 ویژگی اصلی ملودی ها کدامند؟ - سُرناز"
"https://sornaz.com/%d9%85%d9%84%d9%88%d8%af%db%8c/","/analytics/article-details?id=7","301","mapped-article","sitemap:post","200","ملودی چیست؟ چرا ملُودی ها ماندگار می شوند؟ 3 ویژگی اصلی ملودی ها کدامند؟ - سُرناز"
"https://sornaz.com/%d9%85%d9%88%d8%aa%db%8c%d9%81-%da%86%db%8c%d8%b3%d8%aa%d8%9f/","/analytics/article-details?id=34","301","mapped-article","sitemap:post","200","موتیف چیست؟ سمفونی 5 بتهوون نمونه بارز بسط و گسترش یک موتیف - سُرناز"
"https://sornaz.com/%d9%85%d9%88%d8%b2%db%8c%da%a9-%db%8c%d8%a7-%d9%85%d9%88%d8%b3%db%8c%d9%82%db%8c-%da%86%db%8c%d8%b3%d8%aa%d8%9f/","/analytics/article-details?id=1","301","mapped-article","sitemap:post","200","موزیک یا موسیقی چیست؟ هنر موسیقی چگونه به وجود آمد؟ تاریخچه تمدن های مختلف در رابطه با پیدایش موسیقی! موثرترین هنر بین هنرهای 6 گانه برای بیان احساسات و عواطف! - سُرناز"
"https://sornaz.com/%d9%85%d9%88%d8%b3%db%8c-%d9%85%d8%b9%d8%b1%d9%88%d9%81%db%8c/","/analytics/article-details?id=109","301","mapped-article","sitemap:post","200","موسی معروفی - سُرناز"
"https://sornaz.com/%d9%85%d9%88%d8%b3%db%8c%d9%82%db%8c-%d8%a7%d8%b4%da%a9%d8%a7%d9%86%db%8c%d8%a7%d9%86/","/analytics/article-details?id=88","301","mapped-article","sitemap:post","200","موسیقی اشکانیان | وضعیت موسیقی ایران در دوره حکومت اشکانیان - سُرناز"
"https://sornaz.com/%d9%85%d9%88%d8%b3%db%8c%d9%82%db%8c-%d8%a7%db%8c%d8%b1%d8%a7%d9%86-%d8%a8%d8%a7%d8%b3%d8%aa%d8%a7%d9%86/","/analytics/article-details?id=3","301","mapped-article","sitemap:post","200","تاریخ موسیقی ایران بخش 2، موسیقی ایران باستان (پیش از اسلام) - سُرناز"
"https://sornaz.com/%d9%85%d9%88%d8%b3%db%8c%d9%82%db%8c-%d8%a7%db%8c%d8%b1%d8%a7%d9%86-%d9%be%d8%b3-%d8%a7%d8%b2-%d8%a7%d8%b3%d9%84%d8%a7%d9%85/","/analytics/article-details?id=4","301","mapped-article","sitemap:post","200","تاریخ موسیقی ایران بخش 3، موسیقی ایران پس از اسلام - سُرناز"
"https://sornaz.com/%d9%85%d9%88%d8%b3%db%8c%d9%82%db%8c-%d8%a7%db%8c%d8%b1%d8%a7%d9%86%db%8c/","/analytics/article-details?id=12","301","mapped-article","sitemap:post","200","موسیقی ایرانی، تقسیمات و فرم های مختلف آن، 7 دستگاه و 5 آواز و ارتباط آن ها با هم - سُرناز"
"https://sornaz.com/%d9%85%d9%88%d8%b3%db%8c%d9%82%db%8c-%d8%a7%db%8c%d8%b1%d8%a7%d9%86%db%8c%d8%8c-%d8%aa%d9%82%d8%b3%db%8c%d9%85%d8%a7%d8%aa-%d9%88-%d9%81%d8%b1%d9%85-%d9%87%d8%a7%db%8c-%d9%85%d8%ae%d8%aa%d9%84%d9%81/","/analytics/article-details?id=12","301","mapped-article","discovered-link","200","موسیقی ایرانی، تقسیمات و فرم های مختلف آن، 7 دستگاه و 5 آواز و ارتباط آن ها با هم - سُرناز"
"https://sornaz.com/%d9%85%d9%88%d8%b3%db%8c%d9%82%db%8c-%d8%a8%d8%b1%d9%86%d8%a7%d9%85%d9%87-%d8%a7%db%8c/","/analytics/article-details?id=122","301","mapped-article","sitemap:post","200","ساختار موسیقی برنامه ای ایرانی چگونه است؟ - سُرناز"
"https://sornaz.com/%d9%85%d9%88%d8%b3%db%8c%d9%82%db%8c-%d8%b3%d8%a7%d8%b3%d8%a7%d9%86%db%8c%d8%a7%d9%86/","/analytics/article-details?id=89","301","mapped-article","sitemap:post","200","موسیقی ساسانیان | وضعیت موسیقی ایران در دوره حکومت ساسانیان - سُرناز"
"https://sornaz.com/%d9%85%d9%88%d8%b3%db%8c%d9%82%db%8c-%d9%87%d8%ae%d8%a7%d9%85%d9%86%d8%b4%db%8c%d8%a7%d9%86/","/analytics/article-details?id=87","301","mapped-article","sitemap:post","200","موسیقی هخامنشیان | وضعیت موسیقی ایران در دوره حکومت هخامنشیان - سُرناز"
"https://sornaz.com/%d9%85%d9%88%d8%b3%db%8c%d9%82%db%8c-%da%86%db%8c%d8%b3%d8%aa%d8%9f/","/analytics/article-details?id=1","301","mapped-article","discovered-link","200","موزیک یا موسیقی چیست؟ هنر موسیقی چگونه به وجود آمد؟ تاریخچه تمدن های مختلف در رابطه با پیدایش موسیقی! موثرترین هنر بین هنرهای 6 گانه برای بیان احساسات و عواطف! - سُرناز"
"https://sornaz.com/%d9%85%d9%8a%d8%b1%d8%b2%d8%a7-%d8%ad%d8%a8%db%8c%d8%a8-%d8%a7%d9%84%d9%84%d9%87-%d8%b3%d9%85%d8%a7%d8%b9-%d8%ad%d8%b6%d9%88%d8%b1/","/analytics/article-details?id=105","301","mapped-article","sitemap:post","200","ميرزا حبیب الله سماع حضور، نوازنده سنتور دوره ناصری - سُرناز"
"https://sornaz.com/%d9%85%da%a9%d8%aa%d8%a8-%d9%87%d8%a7%db%8c-%d9%85%d9%88%d8%b3%db%8c%d9%82%db%8c-%d8%a7%db%8c%d8%b1%d8%a7%d9%86/","/analytics/article-details?id=72","301","mapped-article","sitemap:post","200","مکتب های موسیقی ایران | بررسی مکتب اصفهان و مکتب تهران به عنوان 2 مکتب اصلی ردیف موسیقی ایران - سُرناز"
"https://sornaz.com/%d9%85%db%8c%d8%b1%d8%b2%d8%a7%d8%b9%d8%a8%d8%af%d8%a7%d9%84%d9%84%d9%87/","/analytics/article-details?id=95","301","mapped-article","sitemap:post","200","میرزاعبدالله، صاحب متداول ترین روایت از ردیف موسیقی ایران - سُرناز"
"https://sornaz.com/%d9%86%d8%a7%db%8c%d8%a8-%d8%a7%d8%b3%d8%af%d8%a7%d9%84%d9%84%d9%87-%d8%ae%d8%a7%d9%86/","/analytics/article-details?id=103","301","mapped-article","sitemap:post","200","نایب اسدالله خان، نوازنده نی دوره قاجار - سُرناز"
"https://sornaz.com/%d9%87%d8%a7%d8%b1%d9%85%d9%88%d9%86%db%8c-%da%86%db%8c%d8%b3%d8%aa%d8%9f/","/analytics/article-details?id=8","301","mapped-article","discovered-link","200","هارمونی چیست؟ چرا باید برای حرفه ای شدن هارمونی یاد بگیریم؟ 2 روش مهم در هم صدایی موسیقی - سُرناز"
"https://sornaz.com/%d9%87%d8%a7%d8%b1%d9%85%d9%88%d9%86%db%8c/","/analytics/article-details?id=8","301","mapped-article","sitemap:post","200","هارمونی چیست؟ چرا باید برای حرفه ای شدن هارمونی یاد بگیریم؟ 2 روش مهم در هم صدایی موسیقی - سُرناز"
"https://sornaz.com/%d9%88%d8%b2%d9%86-%d8%ae%d9%88%d8%a7%d9%86%db%8c/","/analytics/article-details?id=11","301","mapped-article","sitemap:post","200","وزن و وزن خوانی در موسیقی به چه معناست؟ و چرا باید وزن خوانی را یاد بگیریم؟ آموزش استفاده از 2 روش مترونوم و ضرب پا برای وزن‌خوانی - سُرناز"
"https://sornaz.com/%d9%88%db%8c%da%98%da%af%db%8c-%d9%87%d8%a7%db%8c-%d8%b5%d9%88%d8%aa/","/analytics/article-details?id=19","301","mapped-article","sitemap:post","200","4 ویژگی اصلی صوت و صدای موسیقایی - سُرناز"
"https://sornaz.com/%d9%be%d8%b1%d8%af%d8%a7%d8%ae%d8%aa/","/","301","mapped","sitemap:page","200","پرداخت - سُرناز"
"https://sornaz.com/%d9%be%d8%b1%d9%88%db%8c%d8%b2-%d9%85%d8%b4%da%a9%d8%a7%d8%aa%db%8c%d8%a7%d9%86/","/analytics/article-details?id=63","301","mapped-article","sitemap:post","200","پرویز مشکاتیان، سرو آزاد موسیقی ایران | حضور در 2 گروه عارف و شیدا و کانون چاووش - سُرناز"
"https://sornaz.com/%d9%be%d8%b1%db%8c%d9%88%d8%af/","/analytics/article-details?id=43","301","mapped-article","sitemap:post","200","پریود در موسیقی چیست؟ 3 پریود پر کاربرد در موسیقی - سُرناز"
"https://sornaz.com/%d9%be%db%8c%da%af%db%8c%d8%b1%db%8c-%d8%b3%d9%81%d8%a7%d8%b1%d8%b4/","/","301","mapped","sitemap:page","200","پیگیری سفارش - سُرناز"
"https://sornaz.com/%da%86%d9%87%d8%a7%d8%b1%d9%85%d8%b6%d8%b1%d8%a7%d8%a8/","/analytics/article-details?id=46","301","mapped-article","sitemap:post","200","فرم چهارمضراب در موسیقی ایران چگونه است؟ آیا فرم های قدیمی شبیه به چهار مضراب وجود داشت؟ - سُرناز"
"https://sornaz.com/%da%a9%d8%a7%d8%af%d8%a7%d9%86%d8%b3/","/analytics/article-details?id=39","301","mapped-article","sitemap:post","200","کادانس چیست؟ کاربرد انواع کادانس ها در موسیقی - سُرناز"
"https://sornaz.com/%da%a9%db%8c%d9%87%d8%a7%d9%86-%da%a9%d9%84%d9%87%d8%b1/","/analytics/article-details?id=66","301","mapped-article","sitemap:post","200","زندگینامه کیهان کلهر، کمانچه نواز و موسیقی دان برجسته ایرانی - سُرناز"
"https://sornaz.com/%da%af%d8%a7%d9%85-%d9%85%d8%a7%da%98%d9%88%d8%b1/","/analytics/article-details?id=16","301","mapped-article","sitemap:post","200","گام ماژور، علائم سرکلید و تشخیص انواع گام، تفاوت 3 نوع متفاوت گام - سُرناز"
"https://sornaz.com/%da%af%d8%a7%d9%85-%d9%85%d9%88%d8%b3%db%8c%d9%82%db%8c-%d9%88-%d8%aa%d9%88%d9%86%d8%a7%d9%84%db%8c%d8%aa%d9%87/","/analytics/article-details?id=14","301","mapped-article","sitemap:post","200","مفهوم گام موسیقی و تونالیته چیست؟ انواع گام ها در موسیقی - سُرناز"
"https://sornaz.com/%da%af%d8%a7%d9%85-%d9%85%db%8c%d9%86%d9%88%d8%b1/","/analytics/article-details?id=17","301","mapped-article","sitemap:post","200","گام مینور، علائم سرکلید و تشخیص انواع گام، تفاوت 3 نوع متفاوت گام مینور - سُرناز"
"https://sornaz.com/%da%af%d9%88%d8%b4%d9%87-%d9%87%d8%a7%db%8c-%d8%a2%d9%88%d8%a7%d8%b2-%d8%a7%d8%a8%d9%88%d8%b9%d8%b7%d8%a7/","/analytics/article-details?id=81","301","mapped-article","sitemap:post","200","گوشه های آواز ابوعطا | بررسی گوشه های ابوعطا در ردیف های مختلف - سُرناز"
"https://sornaz.com/%da%af%d9%88%d8%b4%d9%87-%d9%87%d8%a7%db%8c-%d8%a2%d9%88%d8%a7%d8%b2-%d8%a7%d9%81%d8%b4%d8%a7%d8%b1%db%8c/","/analytics/article-details?id=83","301","mapped-article","sitemap:post","200","گوشه های آواز افشاری | بررسی گوشه های افشاری در ردیف های مختلف - سُرناز"
"https://sornaz.com/%da%af%d9%88%d8%b4%d9%87-%d9%87%d8%a7%db%8c-%d8%a2%d9%88%d8%a7%d8%b2-%d8%a8%db%8c%d8%a7%d8%aa-%d8%a7%d8%b5%d9%81%d9%87%d8%a7%d9%86/","/analytics/article-details?id=85","301","mapped-article","sitemap:post","200","گوشه های آواز بیات اصفهان | بررسی گوشه های بیات اصفهان در ردیف های مختلف - سُرناز"
"https://sornaz.com/%da%af%d9%88%d8%b4%d9%87-%d9%87%d8%a7%db%8c-%d8%a2%d9%88%d8%a7%d8%b2-%d8%a8%db%8c%d8%a7%d8%aa-%d8%aa%d8%b1%da%a9/","/analytics/article-details?id=82","301","mapped-article","sitemap:post","200","گوشه های آواز بیات ترک | بررسی گوشه های بیات ترک در ردیف های مختلف - سُرناز"
"https://sornaz.com/%da%af%d9%88%d8%b4%d9%87-%d9%87%d8%a7%db%8c-%d8%a2%d9%88%d8%a7%d8%b2-%d8%af%d8%b4%d8%aa%db%8c/","/analytics/article-details?id=84","301","mapped-article","sitemap:post","200","گوشه های آواز دشتی | بررسی گوشه های دشتی در ردیف های مختلف - سُرناز"
"https://sornaz.com/%da%af%d9%88%d8%b4%d9%87-%d9%87%d8%a7%db%8c-%d8%af%d8%b3%d8%aa%da%af%d8%a7%d9%87-%d8%b1%d8%a7%d8%b3%d8%aa-%d9%be%d9%86%d8%ac%da%af%d8%a7%d9%87/","/analytics/article-details?id=80","301","mapped-article","sitemap:post","200","گوشه های دستگاه راست پنجگاه | بررسی گوشه های راست پنجگاه در ردیف های مختلف - سُرناز"
"https://sornaz.com/%da%af%d9%88%d8%b4%d9%87-%d9%87%d8%a7%db%8c-%d8%af%d8%b3%d8%aa%da%af%d8%a7%d9%87-%d8%b3%d9%87-%da%af%d8%a7%d9%87/","/analytics/article-details?id=76","301","mapped-article","sitemap:post","200","گوشه های دستگاه سه گاه | بررسی گوشه های سه گاه در ردیف های مختلف - سُرناز"
"https://sornaz.com/%da%af%d9%88%d8%b4%d9%87-%d9%87%d8%a7%db%8c-%d8%af%d8%b3%d8%aa%da%af%d8%a7%d9%87-%d8%b4%d9%88%d8%b1/","/analytics/article-details?id=74","301","mapped-article","sitemap:post","200","گوشه های دستگاه شور | بررسی گوشه های شور در ردیف های مختلف - سُرناز"
"https://sornaz.com/%da%af%d9%88%d8%b4%d9%87-%d9%87%d8%a7%db%8c-%d8%af%d8%b3%d8%aa%da%af%d8%a7%d9%87-%d9%85%d8%a7%d9%87%d9%88%d8%b1/","/analytics/article-details?id=75","301","mapped-article","sitemap:post","200","گوشه های دستگاه ماهور | بررسی گوشه های ماهور در ردیف های مختلف - سُرناز"
"https://sornaz.com/%da%af%d9%88%d8%b4%d9%87-%d9%87%d8%a7%db%8c-%d8%af%d8%b3%d8%aa%da%af%d8%a7%d9%87-%d9%86%d9%88%d8%a7/","/analytics/article-details?id=77","301","mapped-article","sitemap:post","200","گوشه های دستگاه نوا | بررسی گوشه های نوا در ردیف های مختلف - سُرناز"
"https://sornaz.com/%da%af%d9%88%d8%b4%d9%87-%d9%87%d8%a7%db%8c-%d8%af%d8%b3%d8%aa%da%af%d8%a7%d9%87-%d9%87%d9%85%d8%a7%db%8c%d9%88%d9%86/","/analytics/article-details?id=79","301","mapped-article","sitemap:post","200","گوشه های دستگاه همایون | بررسی گوشه های همایون در ردیف های مختلف - سُرناز"
"https://sornaz.com/%da%af%d9%88%d8%b4%d9%87-%d9%87%d8%a7%db%8c-%d8%af%d8%b3%d8%aa%da%af%d8%a7%d9%87-%da%86%d9%87%d8%a7%d8%b1%da%af%d8%a7%d9%87/","/analytics/article-details?id=78","301","mapped-article","sitemap:post","200","گوشه های دستگاه چهارگاه | بررسی گوشه های چهارگاه در ردیف های مختلف - سُرناز"
"https://sornaz.com/4-%d9%88%db%8c%da%98%da%af%db%8c-%d8%a7%d8%b5%d9%84%db%8c-%d8%b5%d8%af%d8%a7%db%8c-%d9%85%d9%88%d8%b3%db%8c%d9%82%d8%a7%db%8c%db%8c-%d9%88-%d8%b5%d9%88%d8%aa/","/analytics/article-details?id=19","301","mapped-article","discovered-link","200","4 ویژگی اصلی صوت و صدای موسیقایی - سُرناز"
"https://sornaz.com/account/","/analytics/admin-account","301","mapped","sitemap:page","200","حساب کاربری - سُرناز"
"https://sornaz.com/author/sornaz/","/users","301","mapped-author","discovered-link","200","sornaz - سُرناز"
"https://sornaz.com/author/sornaz/page/2/","/users","301","mapped-author","discovered-link","200","sornaz - سُرناز - صفحه 2 از 9"
"https://sornaz.com/author/sornaz/page/3/","/users","301","mapped-author","discovered-link","200","sornaz - سُرناز - صفحه 3 از 9"
"https://sornaz.com/author/sornaz/page/4/","/users","301","mapped-author","discovered-link","200","sornaz - سُرناز - صفحه 4 از 9"
"https://sornaz.com/author/sornaz/page/5/","/users","301","mapped-author","discovered-link","200","sornaz - سُرناز - صفحه 5 از 9"
"https://sornaz.com/author/sornaz/page/6/","/users","301","mapped-author","discovered-link","200","sornaz - سُرناز - صفحه 6 از 9"
"https://sornaz.com/author/sornaz/page/7/","/users","301","mapped-author","discovered-link","200","sornaz - سُرناز - صفحه 7 از 9"
"https://sornaz.com/author/sornaz/page/8/","/users","301","mapped-author","discovered-link","200","sornaz - سُرناز - صفحه 8 از 9"
"https://sornaz.com/author/sornaz/page/9/","/users","301","mapped-author","discovered-link","200","sornaz - سُرناز - صفحه 9 از 9"
"https://sornaz.com/author/Yasin%20Mosavi/","/users","301","mapped-author","discovered-link","404","Page Not Found - سُرناز"
"https://sornaz.com/category/%d8%aa%d8%a7%d8%b1%db%8c%d8%ae-%d9%85%d9%88%d8%b3%db%8c%d9%82%db%8c/","/analytics/articles?category=%D8%AA%D8%A7%D8%B1%DB%8C%D8%AE-%D9%85%D9%88%D8%B3%DB%8C%D9%82%DB%8C","301","mapped-category","sitemap:category","200","تاریخ موسیقی - سُرناز"
"https://sornaz.com/category/%d8%ae%d8%b1%db%8c%d8%af-%d8%b3%d8%a7%d8%b2/","/analytics/articles?category=%D8%AE%D8%B1%DB%8C%D8%AF-%D8%B3%D8%A7%D8%B2","301","mapped-category","sitemap:category","200","خرید ساز - سُرناز"
"https://sornaz.com/category/%d8%ae%d8%b1%db%8c%d8%af-%d8%b3%d8%a7%d8%b2/page/2/","/analytics/articles?category=%D8%AE%D8%B1%DB%8C%D8%AF-%D8%B3%D8%A7%D8%B2","301","mapped-category","discovered-link","200","خرید ساز - سُرناز"
"https://sornaz.com/category/%d8%b2%d9%86%d8%af%da%af%db%8c%d9%86%d8%a7%d9%85%d9%87-%d9%85%d9%88%d8%b3%db%8c%d9%82%db%8c-%d8%af%d8%a7%d9%86%d8%a7%d9%86/","/analytics/articles?category=%D8%B2%D9%86%D8%AF%DA%AF%DB%8C%D9%86%D8%A7%D9%85%D9%87-%D9%85%D9%88%D8%B3%DB%8C%D9%82%DB%8C-%D8%AF%D8%A7%D9%86%D8%A7%D9%86","301","mapped-category","sitemap:category","200","زندگینامه موسیقی دانان - سُرناز"
"https://sornaz.com/category/%D8%B2%D9%86%D8%AF%DA%AF%DB%8C%D9%86%D8%A7%D9%85%D9%87-%D9%85%D9%88%D8%B3%DB%8C%D9%82%DB%8C-%D8%AF%D8%A7%D9%86%D8%A7%D9%86/","/analytics/articles?category=%D8%B2%D9%86%D8%AF%DA%AF%DB%8C%D9%86%D8%A7%D9%85%D9%87-%D9%85%D9%88%D8%B3%DB%8C%D9%82%DB%8C-%D8%AF%D8%A7%D9%86%D8%A7%D9%86","301","mapped-category","discovered-link","200","زندگینامه موسیقی دانان - سُرناز"
"https://sornaz.com/category/%d8%b2%d9%86%d8%af%da%af%db%8c%d9%86%d8%a7%d9%85%d9%87-%d9%85%d9%88%d8%b3%db%8c%d9%82%db%8c-%d8%af%d8%a7%d9%86%d8%a7%d9%86/page/2/","/analytics/articles?category=%D8%B2%D9%86%D8%AF%DA%AF%DB%8C%D9%86%D8%A7%D9%85%D9%87-%D9%85%D9%88%D8%B3%DB%8C%D9%82%DB%8C-%D8%AF%D8%A7%D9%86%D8%A7%D9%86","301","mapped-category","discovered-link","200","زندگینامه موسیقی دانان - سُرناز"
"https://sornaz.com/category/%D8%B2%D9%86%D8%AF%DA%AF%DB%8C%D9%86%D8%A7%D9%85%D9%87-%D9%85%D9%88%D8%B3%DB%8C%D9%82%DB%8C-%D8%AF%D8%A7%D9%86%D8%A7%D9%86/page/2/","/analytics/articles?category=%D8%B2%D9%86%D8%AF%DA%AF%DB%8C%D9%86%D8%A7%D9%85%D9%87-%D9%85%D9%88%D8%B3%DB%8C%D9%82%DB%8C-%D8%AF%D8%A7%D9%86%D8%A7%D9%86","301","mapped-category","discovered-link","200","زندگینامه موسیقی دانان - سُرناز"
"https://sornaz.com/category/%d8%b2%d9%86%d8%af%da%af%db%8c%d9%86%d8%a7%d9%85%d9%87-%d9%85%d9%88%d8%b3%db%8c%d9%82%db%8c-%d8%af%d8%a7%d9%86%d8%a7%d9%86/page/3/","/analytics/articles?category=%D8%B2%D9%86%D8%AF%DA%AF%DB%8C%D9%86%D8%A7%D9%85%D9%87-%D9%85%D9%88%D8%B3%DB%8C%D9%82%DB%8C-%D8%AF%D8%A7%D9%86%D8%A7%D9%86","301","mapped-category","discovered-link","200","زندگینامه موسیقی دانان - سُرناز"
"https://sornaz.com/category/%D8%B2%D9%86%D8%AF%DA%AF%DB%8C%D9%86%D8%A7%D9%85%D9%87-%D9%85%D9%88%D8%B3%DB%8C%D9%82%DB%8C-%D8%AF%D8%A7%D9%86%D8%A7%D9%86/page/3/","/analytics/articles?category=%D8%B2%D9%86%D8%AF%DA%AF%DB%8C%D9%86%D8%A7%D9%85%D9%87-%D9%85%D9%88%D8%B3%DB%8C%D9%82%DB%8C-%D8%AF%D8%A7%D9%86%D8%A7%D9%86","301","mapped-category","discovered-link","200","زندگینامه موسیقی دانان - سُرناز"
"https://sornaz.com/category/%d8%b2%d9%86%d8%af%da%af%db%8c%d9%86%d8%a7%d9%85%d9%87-%d9%85%d9%88%d8%b3%db%8c%d9%82%db%8c-%d8%af%d8%a7%d9%86%d8%a7%d9%86/page/4/","/analytics/articles?category=%D8%B2%D9%86%D8%AF%DA%AF%DB%8C%D9%86%D8%A7%D9%85%D9%87-%D9%85%D9%88%D8%B3%DB%8C%D9%82%DB%8C-%D8%AF%D8%A7%D9%86%D8%A7%D9%86","301","mapped-category","discovered-link","200","زندگینامه موسیقی دانان - سُرناز"
"https://sornaz.com/category/%D8%B2%D9%86%D8%AF%DA%AF%DB%8C%D9%86%D8%A7%D9%85%D9%87-%D9%85%D9%88%D8%B3%DB%8C%D9%82%DB%8C-%D8%AF%D8%A7%D9%86%D8%A7%D9%86/page/4/","/analytics/articles?category=%D8%B2%D9%86%D8%AF%DA%AF%DB%8C%D9%86%D8%A7%D9%85%D9%87-%D9%85%D9%88%D8%B3%DB%8C%D9%82%DB%8C-%D8%AF%D8%A7%D9%86%D8%A7%D9%86","301","mapped-category","discovered-link","200","زندگینامه موسیقی دانان - سُرناز"
"https://sornaz.com/category/%d9%81%d8%b1%d9%85-%d9%87%d8%a7%db%8c-%d9%85%d9%88%d8%b3%db%8c%d9%82%db%8c/","/analytics/articles?category=%D9%81%D8%B1%D9%85-%D9%87%D8%A7%DB%8C-%D9%85%D9%88%D8%B3%DB%8C%D9%82%DB%8C","301","mapped-category","sitemap:category","200","فرم های موسیقی - سُرناز"
"https://sornaz.com/category/%d9%81%d8%b1%d9%85-%d9%87%d8%a7%db%8c-%d9%85%d9%88%d8%b3%db%8c%d9%82%db%8c/page/2/","/analytics/articles?category=%D9%81%D8%B1%D9%85-%D9%87%D8%A7%DB%8C-%D9%85%D9%88%D8%B3%DB%8C%D9%82%DB%8C","301","mapped-category","discovered-link","200","فرم های موسیقی - سُرناز"
"https://sornaz.com/category/%d9%85%d9%81%d8%a7%d9%87%db%8c%d9%85-%d8%a7%d9%88%d9%84%db%8c%d9%87/","/analytics/articles?category=%D9%85%D9%81%D8%A7%D9%87%DB%8C%D9%85-%D8%A7%D9%88%D9%84%DB%8C%D9%87","301","mapped-category","sitemap:category","200","مفاهیم اولیه - سُرناز"
"https://sornaz.com/category/%d9%85%d9%81%d8%a7%d9%87%db%8c%d9%85-%d8%a7%d9%88%d9%84%db%8c%d9%87/page/2/","/analytics/articles?category=%D9%85%D9%81%D8%A7%D9%87%DB%8C%D9%85-%D8%A7%D9%88%D9%84%DB%8C%D9%87","301","mapped-category","discovered-link","200","مفاهیم اولیه - سُرناز"
"https://sornaz.com/category/%d9%85%d9%81%d8%a7%d9%87%db%8c%d9%85-%d8%a7%d9%88%d9%84%db%8c%d9%87/page/3/","/analytics/articles?category=%D9%85%D9%81%D8%A7%D9%87%DB%8C%D9%85-%D8%A7%D9%88%D9%84%DB%8C%D9%87","301","mapped-category","discovered-link","200","مفاهیم اولیه - سُرناز"
"https://sornaz.com/category/%d9%85%d9%88%d8%b3%db%8c%d9%82%db%8c-%d8%a7%db%8c%d8%b1%d8%a7%d9%86/","/analytics/articles?category=%D9%85%D9%88%D8%B3%DB%8C%D9%82%DB%8C-%D8%A7%DB%8C%D8%B1%D8%A7%D9%86","301","mapped-category","sitemap:category","200","موسیقی ایران - سُرناز"
"https://sornaz.com/category/%D9%85%D9%88%D8%B3%DB%8C%D9%82%DB%8C-%D8%A7%DB%8C%D8%B1%D8%A7%D9%86/","/analytics/articles?category=%D9%85%D9%88%D8%B3%DB%8C%D9%82%DB%8C-%D8%A7%DB%8C%D8%B1%D8%A7%D9%86","301","mapped-category","discovered-link","200","موسیقی ایران - سُرناز"
"https://sornaz.com/category/%d9%85%d9%88%d8%b3%db%8c%d9%82%db%8c-%d8%a7%db%8c%d8%b1%d8%a7%d9%86/page/2/","/analytics/articles?category=%D9%85%D9%88%D8%B3%DB%8C%D9%82%DB%8C-%D8%A7%DB%8C%D8%B1%D8%A7%D9%86","301","mapped-category","discovered-link","200","موسیقی ایران - سُرناز"
"https://sornaz.com/category/%D9%85%D9%88%D8%B3%DB%8C%D9%82%DB%8C-%D8%A7%DB%8C%D8%B1%D8%A7%D9%86/page/2/","/analytics/articles?category=%D9%85%D9%88%D8%B3%DB%8C%D9%82%DB%8C-%D8%A7%DB%8C%D8%B1%D8%A7%D9%86","301","mapped-category","discovered-link","200","موسیقی ایران - سُرناز"
"https://sornaz.com/category/%d9%85%d9%88%d8%b3%db%8c%d9%82%db%8c-%d8%a7%db%8c%d8%b1%d8%a7%d9%86/page/3/","/analytics/articles?category=%D9%85%D9%88%D8%B3%DB%8C%D9%82%DB%8C-%D8%A7%DB%8C%D8%B1%D8%A7%D9%86","301","mapped-category","discovered-link","200","موسیقی ایران - سُرناز"
"https://sornaz.com/category/%D9%85%D9%88%D8%B3%DB%8C%D9%82%DB%8C-%D8%A7%DB%8C%D8%B1%D8%A7%D9%86/page/3/","/analytics/articles?category=%D9%85%D9%88%D8%B3%DB%8C%D9%82%DB%8C-%D8%A7%DB%8C%D8%B1%D8%A7%D9%86","301","mapped-category","discovered-link","200","موسیقی ایران - سُرناز"
"https://sornaz.com/category/%d9%85%d9%88%d8%b3%db%8c%d9%82%db%8c-%d8%a7%db%8c%d8%b1%d8%a7%d9%86/page/4/","/analytics/articles?category=%D9%85%D9%88%D8%B3%DB%8C%D9%82%DB%8C-%D8%A7%DB%8C%D8%B1%D8%A7%D9%86","301","mapped-category","discovered-link","200","موسیقی ایران - سُرناز"
"https://sornaz.com/category/%D9%85%D9%88%D8%B3%DB%8C%D9%82%DB%8C-%D8%A7%DB%8C%D8%B1%D8%A7%D9%86/page/4/","/analytics/articles?category=%D9%85%D9%88%D8%B3%DB%8C%D9%82%DB%8C-%D8%A7%DB%8C%D8%B1%D8%A7%D9%86","301","mapped-category","discovered-link","200","موسیقی ایران - سُرناز"
"https://sornaz.com/category/%d9%85%d9%88%d8%b3%db%8c%d9%82%db%8c-%d8%a7%db%8c%d8%b1%d8%a7%d9%86/page/5/","/analytics/articles?category=%D9%85%D9%88%D8%B3%DB%8C%D9%82%DB%8C-%D8%A7%DB%8C%D8%B1%D8%A7%D9%86","301","mapped-category","discovered-link","200","موسیقی ایران - سُرناز"
"https://sornaz.com/category/%D9%85%D9%88%D8%B3%DB%8C%D9%82%DB%8C-%D8%A7%DB%8C%D8%B1%D8%A7%D9%86/page/5/","/analytics/articles?category=%D9%85%D9%88%D8%B3%DB%8C%D9%82%DB%8C-%D8%A7%DB%8C%D8%B1%D8%A7%D9%86","301","mapped-category","discovered-link","200","موسیقی ایران - سُرناز"
"https://sornaz.com/login/","/login","200","preserved-current-route","sitemap:page","200","ورود - سُرناز"
"https://sornaz.com/logout/","/login","301","mapped","sitemap:page","200","خروج - سُرناز"
"https://sornaz.com/members/","/users","301","mapped","sitemap:page","200","اعضا - سُرناز"
"https://sornaz.com/password-reset/","/forgot-password","301","mapped","sitemap:page","200","بازنشانی رمز عبور - سُرناز"
"https://sornaz.com/register/","/register","200","preserved-current-route","sitemap:page","200","ثبت نام - سُرناز"
"https://sornaz.com/user/","/users","301","mapped","sitemap:page","200","کاربر - سُرناز"
