"table","group","status","estimated_rows","evidence","foreign_keys"
"academies","پروژه","ارجاع کد؛ حفظ شود","0","Modules/Academy/Controllers/Api/RegistrationController.php:104؛ Modules/Academy/Controllers/Web/AcademyRegistrationController.php:63؛ Modules/Academy/Controllers/Web/AcademyRegistrationController.php:113","academy_national_holiday_settings.academy_id → academies.academy_id"
"academy_branches","پروژه","ارجاع کد؛ حفظ شود","0","Modules/Academy/Controllers/Web/AcademyTermController.php:28؛ Modules/Academy/Middleware/AcademyPanelMiddleware.php:49؛ Modules/Academy/Services/AcademyBranchOfferingService.php:21",""
"academy_branch_bookings","پروژه","ارجاع کد؛ حفظ شود","0","Modules/Academy/Controllers/Web/AcademyTermAvailabilityController.php:36؛ Modules/Academy/Services/AcademyClassScheduleService.php:60؛ Modules/Academy/Services/AcademyClassScheduleService.php:62",""
"academy_branch_classrooms","پروژه","ارجاع کد؛ حفظ شود","0","Modules/Academy/Services/AcademyBranchService.php:1399؛ Modules/Academy/Services/AcademyClassroomService.php:295؛ Modules/Academy/Services/AcademyClassroomService.php:314",""
"academy_branch_classroom_assets","پروژه","ارجاع کد؛ حفظ شود","0","Modules/Academy/Services/AcademyClassroomService.php:311؛ Modules/Academy/Services/AcademyClassroomService.php:316؛ Modules/Academy/Services/AcademyClassroomService.php:376",""
"academy_branch_courses","پروژه","ارجاع کد؛ حفظ شود","0","Modules/Academy/Controllers/Web/AcademyTermController.php:163؛ Modules/Academy/Services/AcademyBranchService.php:901؛ Modules/Academy/Services/AcademyBranchService.php:1152",""
"academy_branch_course_terms","پروژه","ارجاع کد؛ حفظ شود","0","Modules/Academy/Services/AcademyBranchService.php:673؛ Modules/Academy/Services/AcademyBranchService.php:678؛ Modules/Academy/Services/AcademyBranchService.php:679","academy_branch_course_term_schedule_skips.term_id → academy_branch_course_terms.term_id"
"academy_branch_course_term_enrollments","پروژه","ارجاع کد؛ حفظ شود","0","Modules/Academy/Services/AcademyBranchService.php:168؛ Modules/Academy/Services/AcademyBranchService.php:673؛ Modules/Academy/Services/AcademyBranchService.php:910",""
"academy_branch_course_term_invoices","پروژه","ارجاع کد؛ حفظ شود","0","Modules/Academy/Services/AcademyBranchService.php:995؛ Modules/Academy/Services/AcademyCourseService.php:312؛ Modules/Academy/Services/AcademyCourseService.php:314",""
"academy_branch_course_term_invoice_installments","پروژه","ارجاع کد؛ حفظ شود","0","Modules/Academy/Services/AcademyCourseService.php:315؛ Modules/Academy/Services/AcademyCourseService.php:320؛ Modules/Academy/Services/AcademyTermService.php:1108",""
"academy_branch_course_term_schedule_skips","پروژه","ارجاع کد؛ حفظ شود","0","Modules/Academy/Services/AcademyTermService.php:1084؛ Modules/Academy/Services/AcademyTermService.php:1100","academy_branch_course_term_schedule_skips.term_id → academy_branch_course_terms.term_id"
"academy_branch_course_term_sessions","پروژه","ارجاع کد؛ حفظ شود","0","Modules/Academy/Controllers/Web/AcademyTermAvailabilityController.php:36؛ Modules/Academy/Services/AcademyClassroomService.php:342؛ Modules/Academy/Services/AcademyClassScheduleService.php:60","academy_branch_course_term_sessions.makeup_for_session_id → academy_branch_course_term_sessions.term_session_id"
"academy_branch_course_term_session_attendances","پروژه","ارجاع کد؛ حفظ شود","0","Modules/Academy/Services/AcademyClassScheduleService.php:188؛ Modules/Academy/Services/AcademyClassScheduleService.php:192؛ Modules/Academy/Services/AcademyClassScheduleService.php:194",""
"academy_branch_course_term_waiting_list","پروژه","ارجاع کد؛ حفظ شود","0","Modules/Academy/Services/AcademyBranchService.php:165؛ Modules/Academy/Services/AcademyBranchService.php:679؛ Modules/Academy/Services/AcademyCourseService.php:289",""
"academy_branch_members","پروژه","ارجاع کد؛ حفظ شود","0","Modules/Academy/Controllers/Web/AcademyTermController.php:183؛ Modules/Academy/Controllers/Web/AcademyTermController.php:184؛ Modules/Academy/Controllers/Web/AcademyTermController.php:186",""
"academy_branch_member_contracts","پروژه","ارجاع کد؛ حفظ شود","0","Modules/Academy/Controllers/Web/AcademyTermController.php:192؛ Modules/Academy/Controllers/Web/AcademyTermController.php:193؛ Modules/Academy/Controllers/Web/AcademyTermController.php:194",""
"academy_branch_member_permissions","پروژه","ارجاع کد؛ حفظ شود","0","Modules/Academy/Services/AcademyRegistrationService.php:266؛ Modules/Analytics/Services/AcademyScopedBackupService.php:39؛ Modules/Analytics/Services/AdminUserAccessService.php:63",""
"academy_branch_member_roles","پروژه","ارجاع کد؛ حفظ شود","0","Modules/Academy/Controllers/Web/AcademyTermController.php:184؛ Modules/Academy/Controllers/Web/AcademyTermController.php:185؛ Modules/Academy/Controllers/Web/AcademyTermController.php:187",""
"academy_branch_scheduling_rules","پروژه","ارجاع کد؛ حفظ شود","0","Modules/Analytics/Services/AcademyScopedBackupService.php:43؛ Modules/Analytics/Services/AdminSchedulingRuleService.php:19؛ Modules/Analytics/Services/AdminSchedulingRuleService.php:22",""
"academy_branch_types","پروژه","ارجاع کد؛ حفظ شود","2","Modules/Academy/Controllers/Web/AcademyRegistrationController.php:88؛ Modules/Academy/Services/AcademyBranchService.php:1183؛ Modules/Academy/Services/AcademyBranchService.php:1191",""
"academy_documents","پروژه","ارجاع کد؛ حفظ شود","0","Modules/Analytics/Services/AcademyScopedBackupService.php:43؛ Modules/Analytics/Services/AdminAccountService.php:169؛ Modules/Analytics/Services/AdminAccountService.php:200",""
"academy_national_holiday_settings","پروژه","ارجاع کد؛ حفظ شود","0","Modules/Academy/Services/AcademyTermService.php:759؛ Modules/Academy/Services/NationalHolidayService.php:17؛ Modules/Academy/Services/NationalHolidayService.php:95","academy_national_holiday_settings.academy_id → academies.academy_id"
"academy_subscription_payments","پروژه","ارجاع کد؛ حفظ شود","1","Modules/Academy/Services/AcademySubscriptionService.php:83؛ Modules/Academy/Services/AcademySubscriptionService.php:90؛ Modules/Academy/Services/AcademySubscriptionService.php:97",""
"academy_subscription_periods","پروژه","ارجاع کد؛ حفظ شود","2","Modules/Academy/Services/AcademySubscriptionService.php:17؛ Modules/Academy/Services/AcademySubscriptionService.php:45؛ Modules/Academy/Services/AcademySubscriptionService.php:47",""
"academy_term_invoice_payments","پروژه","ارجاع کد؛ حفظ شود","0","Modules/Academy/Services/InvoiceLedger.php:89؛ Modules/Academy/Services/OfflineInstallmentPaymentService.php:64؛ Modules/Academy/Services/OfflineInstallmentPaymentService.php:68",""
"access_system_permissions","فریمورک","ارجاع کد؛ حفظ شود","311","Modules/Academy/Services/AcademyClassroomService.php:42؛ Modules/Academy/Services/AcademyClassroomService.php:46؛ Modules/Academy/Services/AcademyClassroomService.php:49",""
"access_system_roles","فریمورک","ارجاع کد؛ حفظ شود","115","Modules/Academy/Controllers/Web/AcademyTermController.php:185؛ Modules/Academy/Controllers/Web/AcademyTermController.php:186؛ Modules/Academy/Controllers/Web/AcademyTermController.php:187",""
"access_system_role_permissions","فریمورک","ارجاع کد؛ حفظ شود","3245","Modules/Analytics/Services/AdminAccessCatalogService.php:14؛ Modules/Analytics/Services/AdminAccessCatalogService.php:81؛ Modules/Analytics/Services/AdminAccessCatalogService.php:92",""
"access_system_setting_permissions","فریمورک","ارجاع کد؛ حفظ شود","523","Modules/System/Services/AccessControl.php:24",""
"article_comment_receipts","فریمورک","ارجاع کد؛ حفظ شود","0","Modules/Analytics/Services/ArticleApiService.php:171؛ Modules/Analytics/Services/ArticleApiService.php:184؛ Modules/Analytics/Services/ArticleApiService.php:194",""
"auth_rate_limits","فریمورک","ارجاع کد؛ حفظ شود","24","Modules/System/Services/AccountSecurityStore.php:12؛ Modules/System/Services/AccountSecurityStore.php:13؛ Modules/System/Services/AccountSecurityStore.php:15",""
"auth_remember_tokens","فریمورک","ارجاع کد؛ حفظ شود","0","Modules/System/Services/AccountSecurityStore.php:26؛ Modules/System/Services/AccountSecurityStore.php:27؛ Modules/System/Services/AccountSecurityStore.php:33",""
"categories","فریمورک","ارجاع کد؛ حفظ شود","9","Modules/Academy/Routes/web.php:63؛ Modules/Academy/Routes/web.php:64؛ Modules/Academy/Routes/web.php:65",""
"classroom_types","پروژه","ارجاع کد؛ حفظ شود","0","Modules/Academy/Services/AcademyClassroomService.php:11؛ Modules/Academy/Services/AcademyClassroomService.php:12؛ Modules/Academy/Services/AcademyClassroomService.php:13",""
"comments","فریمورک","ارجاع کد؛ حفظ شود","92","Modules/Analytics/Controllers/Api/ArticleController.php:63؛ Modules/Analytics/Controllers/Api/ArticleController.php:65؛ Modules/Analytics/Controllers/Api/ArticleController.php:90",""
"conversations","فریمورک","ارجاع کد؛ حفظ شود","9","Modules/Academy/Services/PublicAcademyEnrollmentService.php:178؛ Modules/Academy/Services/PublicAcademyEnrollmentService.php:183؛ Modules/Academy/Services/PublicAcademyEnrollmentService.php:192",""
"conversation_members","فریمورک","ارجاع کد؛ حفظ شود","54","Modules/Academy/Services/PublicAcademyEnrollmentService.php:136؛ Modules/Academy/Services/PublicAcademyEnrollmentService.php:180؛ Modules/Analytics/Services/ChatService.php:12",""
"conversation_messages","فریمورک","ارجاع کد؛ حفظ شود","20","Modules/Academy/Services/PublicAcademyEnrollmentService.php:182؛ Modules/Analytics/Services/AdminDashboardService.php:347؛ Modules/Analytics/Services/ChatService.php:23",""
"conversation_message_reactions","فریمورک","ارجاع کد؛ حفظ شود","3","Modules/Analytics/Services/ChatService.php:160؛ Modules/Analytics/Services/ChatService.php:354؛ Modules/Analytics/Services/ChatService.php:356",""
"creator_courses","پروژه","ارجاع کد؛ حفظ شود","0","Modules/CourseMarket/Services/CourseExperienceService.php:159؛ Modules/CourseMarket/Services/CourseService.php:18؛ Modules/CourseMarket/Services/CourseService.php:21","creator_course_details.course_id → creator_courses.id؛ creator_course_lessons.course_id → creator_courses.id؛ creator_course_media.course_id → creator_courses.id؛ creator_course_orders.course_id → creator_courses.id؛ creator_course_questions.course_id → creator_courses.id؛ creator_course_reactions.course_id → creator_courses.id؛ creator_course_reports.course_id → creator_courses.id؛ creator_course_reviews.course_id → creator_courses.id؛ creator_course_schedules.course_id → creator_courses.id"
"creator_course_details","پروژه","ارجاع کد؛ حفظ شود","0","Modules/CourseMarket/Services/CourseExperienceService.php:17؛ Modules/CourseMarket/Services/CourseExperienceService.php:44؛ Modules/CourseMarket/Services/CourseExperienceService.php:158","creator_course_details.course_id → creator_courses.id"
"creator_course_lessons","پروژه","ارجاع کد؛ حفظ شود","0","Modules/CourseMarket/Repositories/LessonRepository.php:15؛ Modules/CourseMarket/Repositories/LessonRepository.php:31؛ Modules/CourseMarket/Repositories/LessonRepository.php:34","creator_course_lessons.post_id → posts.post_id؛ creator_course_lessons.course_id → creator_courses.id"
"creator_course_media","پروژه","ارجاع کد؛ حفظ شود","0","Modules/CourseMarket/Services/CourseExperienceService.php:51؛ Modules/CourseMarket/Services/CourseExperienceService.php:134؛ Modules/CourseMarket/Services/CourseExperienceService.php:153","creator_course_media.course_id → creator_courses.id"
"creator_course_orders","پروژه","ارجاع کد؛ حفظ شود","0","Modules/CourseMarket/Services/CourseExperienceService.php:29؛ Modules/CourseMarket/Services/CourseService.php:21؛ Modules/CourseMarket/Services/CourseService.php:48","creator_course_orders.course_id → creator_courses.id"
"creator_course_questions","پروژه","ارجاع کد؛ حفظ شود","0","Modules/CourseMarket/Services/CourseExperienceService.php:39؛ Modules/CourseMarket/Services/CourseExperienceService.php:94؛ Modules/CourseMarket/Services/CourseExperienceService.php:97","creator_course_questions.course_id → creator_courses.id"
"creator_course_reactions","پروژه","ارجاع کد؛ حفظ شود","0","Modules/CourseMarket/Services/CourseExperienceService.php:40؛ Modules/CourseMarket/Services/CourseExperienceService.php:41؛ Modules/CourseMarket/Services/CourseExperienceService.php:103","creator_course_reactions.course_id → creator_courses.id"
"creator_course_reports","پروژه","ارجاع کد؛ حفظ شود","0","Modules/CourseMarket/Services/CourseExperienceService.php:105","creator_course_reports.course_id → creator_courses.id"
"creator_course_reviews","پروژه","ارجاع کد؛ حفظ شود","0","Modules/CourseMarket/Services/CourseExperienceService.php:28؛ Modules/CourseMarket/Services/CourseExperienceService.php:38؛ Modules/CourseMarket/Services/CourseExperienceService.php:68","creator_course_reviews.course_id → creator_courses.id"
"creator_course_schedules","پروژه","ارجاع کد؛ حفظ شود","0","Modules/CourseMarket/Services/CourseExperienceService.php:43؛ Modules/CourseMarket/Services/CourseExperienceService.php:111","creator_course_schedules.course_id → creator_courses.id"
"creator_lesson_access","پروژه","ارجاع کد؛ حفظ شود","0","Modules/CourseMarket/Repositories/LessonRepository.php:88؛ Modules/CourseMarket/Repositories/LessonRepository.php:100","creator_lesson_access.post_id → posts.post_id"
"financial_system_accounts","فریمورک","ارجاع کد؛ حفظ شود","0","Modules/Academy/Services/AcademyRegistrationService.php:53؛ Modules/Academy/Services/AcademyRegistrationService.php:283؛ Modules/Academy/Services/AcademyRegistrationService.php:344",""
"financial_system_currency","فریمورک","ارجاع کد؛ حفظ شود","4","Modules/Academy/Services/AcademyBranchService.php:558؛ Modules/Academy/Services/AcademyBranchService.php:563؛ Modules/Academy/Services/AcademyBranchService.php:664",""
"financial_system_discounts","فریمورک","ارجاع کد؛ حفظ شود","1","Modules/Academy/Services/AcademyTermService.php:399؛ Modules/Academy/Services/AcademyTermService.php:400؛ Modules/Academy/Services/AcademyTermService.php:1159",""
"financial_system_ledger_entries","فریمورک","نامزد حذف مشروط","0","",""
"financial_system_payments","فریمورک","ارجاع کد؛ حفظ شود","0","Modules/Analytics/Services/AdminDashboardService.php:46؛ Modules/Analytics/Services/UserPointService.php:168؛ Modules/Analytics/Services/UserPointService.php:169",""
"financial_system_refunds","فریمورک","نامزد حذف مشروط","0","",""
"financial_system_transactions","فریمورک","ارجاع کد؛ حفظ شود","0","Modules/Analytics/Services/UserPointService.php:170",""
"f_settings","فریمورک","ارجاع کد؛ حفظ شود","372","Modules/Analytics/Services/AdminGuideService.php:157؛ Modules/Analytics/Services/AdminGuideService.php:161؛ Modules/Analytics/Services/AdminGuideService.php:177",""
"f_timezone","فریمورک","ارجاع کد؛ حفظ شود","13","Modules/Academy/Controllers/Web/AcademyTermAvailabilityController.php:40؛ Modules/Academy/Controllers/Web/AcademyTermAvailabilityController.php:47؛ Modules/Academy/Controllers/Web/AcademyTermAvailabilityController.php:84",""
"f_translations","فریمورک","ارجاع کد؛ حفظ شود","4147","Modules/Academy/Services/AcademyBranchOfferingService.php:47؛ Modules/Academy/Services/AcademyBranchService.php:579؛ Modules/Academy/Services/AcademyBranchService.php:581",""
"instruments","پروژه","ارجاع کد؛ حفظ شود","55","Modules/Academy/Controllers/Api/PublicAcademyController.php:33؛ Modules/Academy/Services/AcademyBranchOfferingService.php:32؛ Modules/Academy/Services/AcademyBranchOfferingService.php:84",""
"legacy_import_map","پروژه","ابزار مهاجرت؛ حفظ شود","530","docs/database/import-wordpress-content:15؛ docs/database/import-wordpress-content:30؛ docs/database/verify-wordpress-content:7",""
"lessons","پروژه","ارجاع کد؛ حفظ شود","89","Modules/Academy/Routes/web.php:84؛ Modules/Academy/Routes/web.php:85؛ Modules/Academy/Routes/web.php:86",""
"levels","پروژه","ارجاع کد؛ حفظ شود","10","Modules/Academy/Routes/web.php:101؛ Modules/Academy/Routes/web.php:102؛ Modules/Academy/Routes/web.php:103",""
"media_files","فریمورک","ارجاع کد؛ حفظ شود","0","Modules/Academy/Services/AcademyRegistrationService.php:939؛ Modules/Academy/Services/AcademyRegistrationService.php:947؛ Modules/Academy/Services/AcademyRegistrationService.php:970",""
"music_sheets","پروژه","ارجاع کد؛ حفظ شود","0","Modules/Notation/Services/NotationService.php:48؛ Modules/Notation/Services/NotationService.php:69؛ Modules/Notation/Services/NotationService.php:187","music_sheet_bookmarks.sheet_id → music_sheets.id"
"music_sheet_bookmarks","پروژه","ارجاع کد؛ حفظ شود","0","Modules/Notation/Services/NotationService.php:44؛ Modules/Notation/Services/NotationService.php:63؛ Modules/Notation/Services/NotationService.php:234","music_sheet_bookmarks.sheet_id → music_sheets.id"
"posts","فریمورک","ارجاع کد؛ حفظ شود","456","Modules/Analytics/Controllers/Web/AnalyticsController.php:17؛ Modules/Analytics/Controllers/Web/AnalyticsController.php:23؛ Modules/Analytics/Controllers/Web/AnalyticsController.php:29","creator_course_lessons.post_id → posts.post_id؛ creator_lesson_access.post_id → posts.post_id"
"public_ratings","فریمورک","ارجاع کد؛ حفظ شود","1","Modules/Analytics/Services/PublicRatingService.php:15؛ Modules/Analytics/Services/PublicRatingService.php:41؛ Modules/Analytics/Services/PublicRatingService.php:43",""
"settings","فریمورک","ارجاع کد؛ حفظ شود","15","Modules/Academy/Routes/web.php:83؛ Modules/Academy/Services/AcademyRegistrationService.php:1056؛ Modules/Academy/Services/NationalHolidayService.php:15",""
"social_account_settings","فریمورک","ارجاع کد؛ حفظ شود","0","Modules/Social/Services/LearningService.php:119؛ Modules/Social/Services/LearningService.php:148؛ Modules/Social/Services/SocialService.php:53",""
"social_bookmarks","فریمورک","ارجاع کد؛ حفظ شود","0","Modules/CourseMarket/Services/CourseExperienceService.php:42؛ Modules/Social/Services/LearningService.php:34؛ Modules/Social/Services/LearningService.php:65",""
"social_comments","فریمورک","ارجاع کد؛ حفظ شود","0","Modules/Social/Services/SocialInteractionService.php:47؛ Modules/Social/Services/SocialInteractionService.php:65؛ Modules/Social/Services/SocialInteractionService.php:70","social_comments.post_id → social_posts.id؛ social_comment_likes.comment_id → social_comments.id"
"social_comment_likes","فریمورک","ارجاع کد؛ حفظ شود","0","Modules/Social/Services/SocialInteractionService.php:45؛ Modules/Social/Services/SocialInteractionService.php:46؛ Modules/Social/Services/SocialInteractionService.php:90","social_comment_likes.comment_id → social_comments.id"
"social_follows","فریمورک","ارجاع کد؛ حفظ شود","0","Modules/Social/Services/SocialService.php:44؛ Modules/Social/Services/SocialService.php:45؛ Modules/Social/Services/SocialService.php:48",""
"social_highlights","فریمورک","ارجاع کد؛ حفظ شود","0","Modules/Social/Services/SocialService.php:84؛ Modules/Social/Services/SocialService.php:89؛ Modules/Social/Services/SocialService.php:94","social_highlights.cover_id → social_media.id؛ social_highlight_stories.highlight_id → social_highlights.id"
"social_highlight_stories","فریمورک","ارجاع کد؛ حفظ شود","0","Modules/Social/Services/SocialService.php:84؛ Modules/Social/Services/SocialService.php:94؛ Modules/Social/Services/SocialService.php:139","social_highlight_stories.highlight_id → social_highlights.id؛ social_highlight_stories.story_id → social_posts.id"
"social_lesson_progress","پروژه","ارجاع کد؛ حفظ شود","0","Modules/Social/Services/LearningService.php:93؛ Modules/Social/Services/LearningService.php:95؛ Modules/Social/Services/LearningService.php:105",""
"social_media","فریمورک","ارجاع کد؛ حفظ شود","0","Modules/Analytics/Services/ChatService.php:489؛ Modules/Social/Services/SocialService.php:74؛ Modules/Social/Services/SocialService.php:94","social_highlights.cover_id → social_media.id؛ social_posts.media_id → social_media.id"
"social_notifications","فریمورک","ارجاع کد؛ حفظ شود","0","Modules/Social/Services/SocialService.php:369؛ Modules/Social/Services/SocialService.php:374؛ Modules/Social/Services/SocialService.php:385",""
"social_posts","فریمورک","ارجاع کد؛ حفظ شود","0","Modules/Analytics/Services/ChatService.php:475؛ Modules/Social/Services/LearningService.php:25؛ Modules/Social/Services/SocialService.php:46","social_comments.post_id → social_posts.id؛ social_highlight_stories.story_id → social_posts.id؛ social_posts.media_id → social_media.id؛ social_reactions.post_id → social_posts.id؛ social_story_mentions.story_id → social_posts.id"
"social_profiles","فریمورک","ارجاع کد؛ حفظ شود","0","Modules/CourseMarket/Services/CourseExperienceService.php:30؛ Modules/Social/Services/SocialService.php:25؛ Modules/Social/Services/SocialService.php:163",""
"social_reactions","فریمورک","ارجاع کد؛ حفظ شود","0","Modules/Social/Services/SocialService.php:232؛ Modules/Social/Services/SocialService.php:254؛ Modules/Social/Services/SocialService.php:255","social_reactions.post_id → social_posts.id"
"social_story_mentions","فریمورک","ارجاع کد؛ حفظ شود","0","Modules/Social/Services/SocialService.php:262؛ Modules/Social/Services/SocialService.php:319؛ scripts/chat_media_revision_test.php:32","social_story_mentions.story_id → social_posts.id"
"system_events","فریمورک","نامزد حذف مشروط","0","",""
"tracking_ingestion_batches","فریمورک","ارجاع کد؛ حفظ شود","58779","Modules/Analytics/Services/AdminTrackingService.php:94؛ Modules/Analytics/Services/UserPointService.php:74؛ Modules/System/Services/UserTrackingService.php:31",""
"tracking_user_activity_intervals","فریمورک","ارجاع کد؛ حفظ شود","11022","Modules/Analytics/Services/AdminTrackingService.php:29؛ Modules/Analytics/Services/AdminTrackingService.php:53؛ Modules/Analytics/Services/UserPointService.php:74",""
"tracking_user_consents","فریمورک","ارجاع کد؛ حفظ شود","0","Modules/Analytics/Services/AdminTrackingService.php:31؛ Modules/Analytics/Services/AdminTrackingService.php:53؛ docs/database/_extract_sync.php:233",""
"tracking_user_content_engagements","فریمورک","ارجاع کد؛ حفظ شود","2065","Modules/Analytics/Services/AdminTrackingService.php:25؛ Modules/Analytics/Services/AdminTrackingService.php:53؛ Modules/Analytics/Services/UserPointService.php:74",""
"tracking_user_events","فریمورک","ارجاع کد؛ حفظ شود","39939","Modules/Analytics/Services/AdminAccountService.php:266؛ Modules/Analytics/Services/AdminAccountService.php:306؛ Modules/Analytics/Services/AdminAccountService.php:308",""
"tracking_user_page_views","فریمورک","ارجاع کد؛ حفظ شود","1646","Modules/Analytics/Services/AdminAccountService.php:302؛ Modules/Analytics/Services/AdminTrackingService.php:19؛ Modules/Analytics/Services/AdminTrackingService.php:22",""
"tracking_user_sessions","فریمورک","ارجاع کد؛ حفظ شود","126","Modules/Analytics/Services/AdminAccountService.php:218؛ Modules/Analytics/Services/AdminAccountService.php:222؛ Modules/Analytics/Services/AdminAccountService.php:253",""
"translations","فریمورک","ارجاع کد؛ حفظ شود","13702","Modules/Academy/Resources/Views/layouts/main.php:34؛ Modules/Academy/Services/AcademyBranchOfferingService.php:21؛ Modules/Academy/Services/AcademyBranchOfferingService.php:24",""
"users","فریمورک","ارجاع کد؛ حفظ شود","1","Modules/Academy/Controllers/Web/AcademyRegistrationController.php:294؛ Modules/Academy/Controllers/Web/AcademyRegistrationController.php:310؛ Modules/Academy/Controllers/Web/AcademyTermController.php:199",""
"user_addresses","فریمورک","ارجاع کد؛ حفظ شود","0","Modules/Academy/Services/AcademyBranchService.php:694؛ Modules/Academy/Services/AcademyBranchService.php:697؛ Modules/Academy/Services/AcademyBranchService.php:1393",""
"user_availabilities","فریمورک","ارجاع کد؛ حفظ شود","0","Modules/Academy/Services/AcademyBranchOfferingService.php:146؛ Modules/Academy/Services/AcademyBranchOfferingService.php:152؛ Modules/Academy/Services/AcademyBranchOfferingService.php:290",""
"user_awards","فریمورک","ارجاع کد؛ حفظ شود","1","Modules/Analytics/Services/AdminProfileContentService.php:11",""
"user_badges","فریمورک","ارجاع کد؛ حفظ شود","1","Modules/Analytics/Services/AdminProfileContentService.php:12",""
"user_certificates","فریمورک","ارجاع کد؛ حفظ شود","1","Modules/Analytics/Services/AdminProfileContentService.php:14",""
"user_contacts","فریمورک","ارجاع کد؛ حفظ شود","0","Modules/Academy/Services/AcademyBranchService.php:1373؛ Modules/Academy/Services/AcademyBranchService.php:1377؛ Modules/Academy/Services/AcademyBranchService.php:1381",""
"user_educations","فریمورک","ارجاع کد؛ حفظ شود","1","Modules/Analytics/Services/AdminProfileContentService.php:15",""
"user_events","فریمورک","ارجاع کد؛ حفظ شود","1","Modules/Analytics/Services/AdminProfileContentService.php:16",""
"user_experiences","فریمورک","ارجاع کد؛ حفظ شود","1","Modules/Analytics/Services/AdminProfileContentService.php:13",""
"user_instruments","پروژه","ارجاع کد؛ حفظ شود","0","Modules/Academy/Services/AcademyBranchOfferingService.php:129؛ Modules/Academy/Services/AcademyBranchOfferingService.php:582؛ Modules/Academy/Services/AcademyRegistrationService.php:202",""
"user_lessons","پروژه","ارجاع کد؛ حفظ شود","0","Modules/Academy/Services/AcademyBranchOfferingService.php:138؛ Modules/Academy/Services/AcademyBranchOfferingService.php:219؛ Modules/Academy/Services/AcademyBranchOfferingService.php:226",""
"user_merges","فریمورک","ارجاع کد؛ حفظ شود","1","Modules/Analytics/Services/AdminDashboardService.php:146؛ Modules/Analytics/Services/UserMergeService.php:15؛ Modules/Analytics/Services/UserMergeService.php:51",""
"user_messages","فریمورک","ارجاع کد؛ حفظ شود","0","Modules/Academy/Services/NationalHolidayService.php:111؛ Modules/Academy/Services/NationalHolidayService.php:134؛ Modules/Academy/Services/NationalHolidayService.php:137",""
"user_permissions","فریمورک","ارجاع کد؛ حفظ شود","0","Modules/Analytics/Services/AdminAccessCatalogService.php:87؛ Modules/Analytics/Services/AdminUserAccessService.php:59؛ Modules/Analytics/Services/AdminUserAccessService.php:181",""
"user_points","فریمورک","ارجاع کد؛ حفظ شود","0","Modules/Analytics/Resources/Views/sections/header.php:22؛ Modules/Analytics/Services/AdminDashboardService.php:38؛ Modules/Analytics/Services/UserPointService.php:21",""
"user_point_rules","فریمورک","ارجاع کد؛ حفظ شود","57","Modules/Analytics/Services/UserPointService.php:20؛ Modules/Analytics/Services/UserPointService.php:44؛ Modules/Analytics/Services/UserPointService.php:59",""
"user_polls","فریمورک","ارجاع کد؛ حفظ شود","0","Modules/Analytics/Services/AdminProfileContentService.php:17؛ Modules/Analytics/Services/AdminProfileContentService.php:156؛ Modules/Analytics/Services/AdminProfileContentService.php:216",""
"user_poll_options","فریمورک","ارجاع کد؛ حفظ شود","0","Modules/Analytics/Services/AdminProfileContentService.php:167؛ Modules/Analytics/Services/AdminProfileContentService.php:189؛ Modules/Analytics/Services/AdminProfileContentService.php:190",""
"user_poll_votes","فریمورک","ارجاع کد؛ حفظ شود","0","Modules/Analytics/Services/AdminProfileContentService.php:171؛ Modules/Analytics/Services/AdminProfileContentService.php:174؛ Modules/Analytics/Services/AdminProfileContentService.php:177",""
"user_publications","فریمورک","ارجاع کد؛ حفظ شود","1","Modules/Analytics/Services/AdminProfileContentService.php:18",""
"user_referrals","فریمورک","ارجاع کد؛ حفظ شود","1","Modules/System/Controllers/Api/UserController.php:194؛ Modules/System/Controllers/Web/UserController.php:104؛ Modules/System/Services/UserReferralService.php:12",""
"user_roles","فریمورک","ارجاع کد؛ حفظ شود","1","Modules/Academy/Services/AcademyBranchService.php:821؛ Modules/Academy/Services/AcademyBranchService.php:974؛ Modules/Academy/Services/AcademyBranchService.php:977",""
"user_sessions","فریمورک","ارجاع کد؛ حفظ شود","0","Modules/Academy/Services/AcademyRegistrationService.php:285؛ Modules/Academy/Services/AcademyRegistrationService.php:346",""
"user_verifications","فریمورک","نامزد حذف مشروط","0","",""
"verification_levels","فریمورک","ارجاع کد؛ حفظ شود","8","Modules/Analytics/Services/AdminProfileContentService.php:60؛ Modules/Analytics/Services/AdminProfileContentService.php:61",""
"world_iran_counties","فریمورک","ارجاع کد؛ حفظ شود","482","Modules/Academy/Services/AcademyBranchService.php:48؛ Modules/Academy/Services/AcademyBranchService.php:84؛ Modules/Academy/Services/AcademyBranchService.php:696",""
"world_iran_provinces","فریمورک","ارجاع کد؛ حفظ شود","31","Modules/Academy/Services/AcademyBranchService.php:47؛ Modules/Academy/Services/AcademyBranchService.php:83؛ Modules/Academy/Services/AcademyBranchService.php:695",""
"z_settings","فریمورک","ارجاع کد؛ حفظ شود","5","Modules/Analytics/Controllers/Web/AdminSettingController.php:30؛ Modules/Analytics/Services/AdminSettingService.php:83؛ Modules/Analytics/Services/AdminSettingService.php:94",""
"z_user_profiles","فریمورک","ارجاع کد؛ حفظ شود","1","Modules/Academy/Services/AcademyRegistrationService.php:282؛ Modules/Academy/Services/AcademyRegistrationService.php:343؛ Modules/Academy/Services/AcademyRegistrationService.php:414",""
"z_world_cities","فریمورک","بدون ارجاع؛ حذف وابسته","0","","z_world_cities.state_id → z_world_states.id؛ z_world_cities.country_id → z_world_countries.id؛ z_world_postcodes.city_id → z_world_cities.id"
"z_world_countries","فریمورک","بدون ارجاع؛ حذف وابسته","250","","z_world_cities.country_id → z_world_countries.id؛ z_world_countries.region_id → z_world_regions.id؛ z_world_countries.subregion_id → z_world_subregions.id؛ z_world_postcodes.country_id → z_world_countries.id؛ z_world_states.country_id → z_world_countries.id"
"z_world_iran_cities","فریمورک","نامزد حذف مشروط","1659","",""
"z_world_iran_cities_filtered","فریمورک","نامزد حذف مشروط","1195","",""
"z_world_iran_districts","فریمورک","نامزد حذف مشروط","1184","",""
"z_world_iran_rurals","فریمورک","نامزد حذف مشروط","1524","",""
"z_world_postcodes","فریمورک","بدون ارجاع؛ حذف وابسته","0","","z_world_postcodes.city_id → z_world_cities.id؛ z_world_postcodes.country_id → z_world_countries.id؛ z_world_postcodes.state_id → z_world_states.id"
"z_world_regions","فریمورک","بدون ارجاع؛ حذف وابسته","6","","z_world_countries.region_id → z_world_regions.id؛ z_world_subregions.region_id → z_world_regions.id"
"z_world_states","فریمورک","بدون ارجاع؛ حذف وابسته","4934","","z_world_cities.state_id → z_world_states.id؛ z_world_postcodes.state_id → z_world_states.id؛ z_world_states.country_id → z_world_countries.id"
"z_world_subregions","فریمورک","بدون ارجاع؛ حذف وابسته","22","","z_world_countries.subregion_id → z_world_subregions.id؛ z_world_subregions.region_id → z_world_regions.id"