table,before,removed,after
f_access_system_permissions,311,0,311
f_access_system_role_permissions,3245,0,3245
f_access_system_roles,115,0,115
f_access_system_setting_permissions,523,0,523
f_article_comment_receipts,0,0,0
f_auth_rate_limits,24,24,0
f_auth_remember_tokens,0,0,0
f_categories,9,0,9
f_comments,92,0,92
f_conversation_members,54,54,0
f_conversation_message_reactions,3,3,0
f_conversation_messages,20,20,0
f_conversations,9,9,0
f_financial_system_accounts,0,0,0
f_financial_system_currency,4,0,4
f_financial_system_discounts,0,0,0
f_financial_system_ledger_entries,0,0,0
f_financial_system_payments,0,0,0
f_financial_system_refunds,0,0,0
f_financial_system_transactions,0,0,0
f_legacy_settings,5,0,5
f_media_files,0,0,0
f_posts,456,0,456
f_public_ratings,1,1,0
f_settings,372,0,372
f_social_account_settings,0,0,0
f_social_bookmarks,0,0,0
f_social_comment_likes,0,0,0
f_social_comments,0,0,0
f_social_follows,0,0,0
f_social_highlight_stories,0,0,0
f_social_highlights,0,0,0
f_social_media,0,0,0
f_social_notifications,0,0,0
f_social_posts,0,0,0
f_social_profiles,0,0,0
f_social_reactions,0,0,0
f_social_story_mentions,0,0,0
f_timezone,13,0,13
f_tracking_ingestion_batches,60468,60468,0
f_tracking_user_activity_intervals,10962,10962,0
f_tracking_user_consents,0,0,0
f_tracking_user_content_engagements,2075,2075,0
f_tracking_user_events,40782,40782,0
f_tracking_user_page_views,1926,1926,0
f_tracking_user_sessions,131,131,0
f_translations,4222,0,4222
f_user_addresses,0,0,0
f_user_availabilities,0,0,0
f_user_awards,0,0,0
f_user_badges,0,0,0
f_user_certificates,0,0,0
f_user_contacts,0,0,0
f_user_educations,0,0,0
f_user_events,0,0,0
f_user_experiences,0,0,0
f_user_merges,0,0,0
f_user_messages,0,0,0
f_user_permissions,0,0,0
f_user_point_rules,57,0,57
f_user_points,0,0,0
f_user_poll_options,0,0,0
f_user_poll_votes,0,0,0
f_user_polls,0,0,0
f_user_profiles,1,0,1
f_user_publications,0,0,0
f_user_referrals,1,1,0
f_user_roles,1,0,1
f_user_sessions,0,0,0
f_user_settings,0,0,0
f_users,1,0,1
f_verification_levels,8,0,8
f_world_iran_counties,482,0,482
f_world_iran_provinces,31,0,31
p_academies,0,0,0
p_academy_branch_bookings,0,0,0
p_academy_branch_classroom_assets,0,0,0
p_academy_branch_classrooms,0,0,0
p_academy_branch_course_term_enrollments,0,0,0
p_academy_branch_course_term_invoice_installments,0,0,0
p_academy_branch_course_term_invoices,0,0,0
p_academy_branch_course_term_schedule_skips,0,0,0
p_academy_branch_course_term_session_attendances,0,0,0
p_academy_branch_course_term_sessions,0,0,0
p_academy_branch_course_term_waiting_list,0,0,0
p_academy_branch_course_terms,0,0,0
p_academy_branch_courses,0,0,0
p_academy_branch_member_contracts,0,0,0
p_academy_branch_member_permissions,0,0,0
p_academy_branch_member_roles,0,0,0
p_academy_branch_members,0,0,0
p_academy_branch_scheduling_rules,0,0,0
p_academy_branch_types,2,0,2
p_academy_branches,0,0,0
p_academy_documents,0,0,0
p_academy_national_holiday_settings,0,0,0
p_academy_subscription_payments,1,1,0
p_academy_subscription_periods,2,2,0
p_classroom_types,0,0,0
p_creator_course_details,0,0,0
p_creator_course_lessons,0,0,0
p_creator_course_media,0,0,0
p_creator_course_orders,0,0,0
p_creator_course_questions,0,0,0
p_creator_course_reactions,0,0,0
p_creator_course_reports,0,0,0
p_creator_course_reviews,0,0,0
p_creator_course_schedules,0,0,0
p_creator_courses,0,0,0
p_creator_lesson_access,0,0,0
p_instruments,55,0,55
p_lessons,89,0,89
p_levels,10,0,10
p_music_sheet_bookmarks,0,0,0
p_music_sheets,0,0,0
p_settings,15,0,15
p_social_lesson_progress,0,0,0
p_translations,13146,8397,4749
p_user_instruments,0,0,0
p_user_lessons,0,0,0
