logical_name,physical_name,category,action
academies,p_academies,project,rename
academy_branches,p_academy_branches,project,rename
academy_branch_bookings,p_academy_branch_bookings,project,rename
academy_branch_classrooms,p_academy_branch_classrooms,project,rename
academy_branch_classroom_assets,p_academy_branch_classroom_assets,project,rename
academy_branch_courses,p_academy_branch_courses,project,rename
academy_branch_course_terms,p_academy_branch_course_terms,project,rename
academy_branch_course_term_enrollments,p_academy_branch_course_term_enrollments,project,rename
academy_branch_course_term_invoices,p_academy_branch_course_term_invoices,project,rename
academy_branch_course_term_invoice_installments,p_academy_branch_course_term_invoice_installments,project,rename
academy_branch_course_term_schedule_skips,p_academy_branch_course_term_schedule_skips,project,rename
academy_branch_course_term_sessions,p_academy_branch_course_term_sessions,project,rename
academy_branch_course_term_session_attendances,p_academy_branch_course_term_session_attendances,project,rename
academy_branch_course_term_waiting_list,p_academy_branch_course_term_waiting_list,project,rename
academy_branch_members,p_academy_branch_members,project,rename
academy_branch_member_contracts,p_academy_branch_member_contracts,project,rename
academy_branch_member_permissions,p_academy_branch_member_permissions,project,rename
academy_branch_member_roles,p_academy_branch_member_roles,project,rename
academy_branch_scheduling_rules,p_academy_branch_scheduling_rules,project,rename
academy_branch_types,p_academy_branch_types,project,rename
academy_documents,p_academy_documents,project,rename
academy_national_holiday_settings,p_academy_national_holiday_settings,project,rename
academy_subscription_payments,p_academy_subscription_payments,project,rename
academy_subscription_periods,p_academy_subscription_periods,project,rename
access_system_permissions,f_access_system_permissions,framework,rename
access_system_roles,f_access_system_roles,framework,rename
access_system_role_permissions,f_access_system_role_permissions,framework,rename
access_system_setting_permissions,f_access_system_setting_permissions,framework,rename
article_comment_receipts,f_article_comment_receipts,framework,rename
auth_rate_limits,f_auth_rate_limits,framework,rename
auth_remember_tokens,f_auth_remember_tokens,framework,rename
categories,f_categories,framework,rename
classroom_types,p_classroom_types,project,rename
comments,f_comments,framework,rename
conversations,f_conversations,framework,rename
conversation_members,f_conversation_members,framework,rename
conversation_messages,f_conversation_messages,framework,rename
conversation_message_reactions,f_conversation_message_reactions,framework,rename
creator_courses,p_creator_courses,project,rename
creator_course_details,p_creator_course_details,project,rename
creator_course_lessons,p_creator_course_lessons,project,rename
creator_course_media,p_creator_course_media,project,rename
creator_course_orders,p_creator_course_orders,project,rename
creator_course_questions,p_creator_course_questions,project,rename
creator_course_reactions,p_creator_course_reactions,project,rename
creator_course_reports,p_creator_course_reports,project,rename
creator_course_reviews,p_creator_course_reviews,project,rename
creator_course_schedules,p_creator_course_schedules,project,rename
creator_lesson_access,p_creator_lesson_access,project,rename
financial_system_accounts,f_financial_system_accounts,framework,rename
financial_system_currency,f_financial_system_currency,framework,rename
financial_system_discounts,f_financial_system_discounts,framework,rename
financial_system_ledger_entries,f_financial_system_ledger_entries,framework,rename
financial_system_payments,f_financial_system_payments,framework,rename
financial_system_refunds,f_financial_system_refunds,framework,rename
financial_system_transactions,f_financial_system_transactions,framework,rename
f_settings,f_settings,framework,keep
f_timezone,f_timezone,framework,keep
f_translations,f_translations,framework,keep
instruments,p_instruments,project,rename
lessons,p_lessons,project,rename
levels,p_levels,project,rename
media_files,f_media_files,framework,rename
music_sheets,p_music_sheets,project,rename
music_sheet_bookmarks,p_music_sheet_bookmarks,project,rename
posts,f_posts,framework,rename
public_ratings,f_public_ratings,framework,rename
settings,p_settings,project,rename
social_account_settings,f_social_account_settings,framework,rename
social_bookmarks,f_social_bookmarks,framework,rename
social_comments,f_social_comments,framework,rename
social_comment_likes,f_social_comment_likes,framework,rename
social_follows,f_social_follows,framework,rename
social_highlights,f_social_highlights,framework,rename
social_highlight_stories,f_social_highlight_stories,framework,rename
social_lesson_progress,p_social_lesson_progress,project,rename
social_media,f_social_media,framework,rename
social_notifications,f_social_notifications,framework,rename
social_posts,f_social_posts,framework,rename
social_profiles,f_social_profiles,framework,rename
social_reactions,f_social_reactions,framework,rename
social_story_mentions,f_social_story_mentions,framework,rename
tracking_ingestion_batches,f_tracking_ingestion_batches,framework,rename
tracking_user_activity_intervals,f_tracking_user_activity_intervals,framework,rename
tracking_user_consents,f_tracking_user_consents,framework,rename
tracking_user_content_engagements,f_tracking_user_content_engagements,framework,rename
tracking_user_events,f_tracking_user_events,framework,rename
tracking_user_page_views,f_tracking_user_page_views,framework,rename
tracking_user_sessions,f_tracking_user_sessions,framework,rename
translations,p_translations,project,rename
users,f_users,framework,rename
user_addresses,f_user_addresses,framework,rename
user_availabilities,f_user_availabilities,framework,rename
user_awards,f_user_awards,framework,rename
user_badges,f_user_badges,framework,rename
user_certificates,f_user_certificates,framework,rename
user_contacts,f_user_contacts,framework,rename
user_educations,f_user_educations,framework,rename
user_events,f_user_events,framework,rename
user_experiences,f_user_experiences,framework,rename
user_instruments,p_user_instruments,project,rename
user_lessons,p_user_lessons,project,rename
user_merges,f_user_merges,framework,rename
user_messages,f_user_messages,framework,rename
user_permissions,f_user_permissions,framework,rename
user_points,f_user_points,framework,rename
user_point_rules,f_user_point_rules,framework,rename
user_polls,f_user_polls,framework,rename
user_poll_options,f_user_poll_options,framework,rename
user_poll_votes,f_user_poll_votes,framework,rename
user_publications,f_user_publications,framework,rename
user_referrals,f_user_referrals,framework,rename
user_roles,f_user_roles,framework,rename
user_sessions,f_user_sessions,framework,rename
verification_levels,f_verification_levels,framework,rename
world_iran_counties,f_world_iran_counties,framework,rename
world_iran_provinces,f_world_iran_provinces,framework,rename
z_settings,f_legacy_settings,framework,rename
z_user_profiles,f_user_profiles,framework,rename
z_user_settings,f_user_settings,framework,rename
