"field","old_type","action","destination","nonempty","max_characters","max_bytes"
"f_comments.author","varchar(255)","varchar","VARCHAR(255)","86","20","32"
"f_conversation_messages.attachment_path","varchar(2048)","varchar","VARCHAR(2048)","0","0","0"
"f_media_files.path","varchar(2048)","varchar","VARCHAR(2048)","0","0","0"
"f_media_files.thumbnail_path","varchar(2048)","varchar","VARCHAR(2048)","0","0","0"
"f_tracking_user_consents.user_agent","varchar(2048)","varchar","VARCHAR(2048)","0","0","0"
"f_tracking_user_sessions.user_agent","varchar(2048)","varchar","VARCHAR(2048)","1","80","80"
"f_user_certificates.certificate_url","varchar(2048)","varchar","VARCHAR(2048)","0","0","0"
"f_user_certificates.file_path","varchar(2048)","varchar","VARCHAR(2048)","0","0","0"
"f_user_publications.url","varchar(2048)","varchar","VARCHAR(2048)","0","0","0"
"f_legacy_settings.value","longblob","binary","LONGBLOB","5","12","12"
"f_social_account_settings.settings_json","blob","binary","BLOB","0","0","0"
"f_tracking_user_events.event_data","longblob","binary","LONGBLOB","104","2","2"
"f_tracking_user_page_views.query_params","longblob","binary","LONGBLOB","5","2","2"
"f_user_points.metadata","longtext","binary","LONGBLOB","3","72","72"
"f_user_settings.value","text","binary","BLOB","0","0","0"
"p_creator_courses.curriculum","longtext","binary","LONGBLOB","0","0","0"
"p_creator_course_details.metadata","longtext","binary","LONGBLOB","0","0","0"
"p_creator_course_lessons.media_json","text","binary","BLOB","0","0","0"
"p_music_sheets.metadata","longtext","binary","LONGBLOB","0","0","0"
"p_music_sheets.score","longtext","binary","LONGBLOB","0","0","0"
"f_posts.pinged","text","unused","DROP","87","3247","3247"
"f_conversation_messages.body","text","translation","f_translations / conversation_messages / body","0","0","0"
"f_social_comments.body","text","translation","f_translations / social_comments / body","0","0","0"
"f_social_posts.body","text","translation","f_translations / social_posts / body","0","0","0"
"f_social_profiles.bio","text","translation","f_translations / social_profiles / bio","0","0","0"
"f_user_merges.reason","text","translation","f_translations / user_merges / reason","0","0","0"
"f_user_merges.admin_note","text","translation","f_translations / user_merges / admin_note","0","0","0"
"f_user_point_rules.description","text","translation","f_translations / user_point_rules / description","1","30","56"
"f_user_publications.content","text","translation","f_translations / user_publications / content","0","0","0"
"p_creator_courses.description","text","translation","p_translations / creator_courses / description","0","0","0"
"p_creator_course_questions.body","text","translation","p_translations / creator_course_questions / body","0","0","0"
"p_creator_course_reports.body","text","translation","p_translations / creator_course_reports / body","0","0","0"
"p_creator_course_reviews.body","text","translation","p_translations / creator_course_reviews / body","0","0","0"
