table,column,type,nonempty_rows_before_reset
f_comments,author,tinytext,86
f_conversation_messages,body,text,18
f_conversation_messages,attachment_path,text,2
f_legacy_settings,value,longtext,5
f_media_files,path,text,0
f_media_files,thumbnail_path,text,0
f_posts,pinged,text,87
f_social_account_settings,settings_json,text,0
f_social_comments,body,text,0
f_social_posts,body,text,0
f_social_profiles,bio,text,0
f_tracking_user_consents,user_agent,text,0
f_tracking_user_events,event_data,longtext,40782
f_tracking_user_page_views,query_params,longtext,1926
f_tracking_user_sessions,user_agent,text,131
f_user_certificates,certificate_url,text,0
f_user_certificates,file_path,text,0
f_user_merges,reason,text,0
f_user_merges,admin_note,text,0
f_user_points,metadata,longtext,0
f_user_point_rules,description,text,1
f_user_publications,url,text,0
f_user_publications,content,text,0
f_user_settings,value,text,0
p_creator_courses,description,text,0
p_creator_courses,curriculum,longtext,0
p_creator_course_details,metadata,longtext,0
p_creator_course_lessons,media_json,text,0
p_creator_course_questions,body,text,0
p_creator_course_reports,body,text,0
p_creator_course_reviews,body,text,0
p_music_sheets,metadata,longtext,0
p_music_sheets,score,longtext,0
